-- MySQL dump 10.13  Distrib 5.7.18, for Linux (x86_64)
--
-- Host: localhost    Database: golf
-- ------------------------------------------------------
-- Server version	5.7.18-0ubuntu0.16.04.1

/*!40101 SET @OLD_CHARACTER_SET_CLIENT=@@CHARACTER_SET_CLIENT */;
/*!40101 SET @OLD_CHARACTER_SET_RESULTS=@@CHARACTER_SET_RESULTS */;
/*!40101 SET @OLD_COLLATION_CONNECTION=@@COLLATION_CONNECTION */;
/*!40101 SET NAMES utf8 */;
/*!40103 SET @OLD_TIME_ZONE=@@TIME_ZONE */;
/*!40103 SET TIME_ZONE='+00:00' */;
/*!40014 SET @OLD_UNIQUE_CHECKS=@@UNIQUE_CHECKS, UNIQUE_CHECKS=0 */;
/*!40014 SET @OLD_FOREIGN_KEY_CHECKS=@@FOREIGN_KEY_CHECKS, FOREIGN_KEY_CHECKS=0 */;
/*!40101 SET @OLD_SQL_MODE=@@SQL_MODE, SQL_MODE='NO_AUTO_VALUE_ON_ZERO' */;
/*!40111 SET @OLD_SQL_NOTES=@@SQL_NOTES, SQL_NOTES=0 */;

--
-- Table structure for table `categories`
--

DROP TABLE IF EXISTS `categories`;
/*!40101 SET @saved_cs_client     = @@character_set_client */;
/*!40101 SET character_set_client = utf8 */;
CREATE TABLE `categories` (
  `id` int(10) unsigned NOT NULL AUTO_INCREMENT,
  `name` varchar(50) NOT NULL,
  `number_participants` int(11) DEFAULT NULL,
  `sex` enum('Masculino','Femenino') NOT NULL DEFAULT 'Masculino',
  `handicap_min` double(8,1) DEFAULT NULL,
  `handicap_max` double(8,1) DEFAULT NULL,
  `departure_order` varchar(255) DEFAULT NULL,
  `enabled` tinyint(4) NOT NULL DEFAULT '1',
  `created_at` timestamp NULL DEFAULT NULL,
  `updated_at` timestamp NULL DEFAULT NULL,
  `deleted_at` timestamp NULL DEFAULT NULL,
  `categoriescol` varchar(45) DEFAULT NULL,
  PRIMARY KEY (`id`)
) ENGINE=InnoDB AUTO_INCREMENT=32 DEFAULT CHARSET=utf8;
/*!40101 SET character_set_client = @saved_cs_client */;

--
-- Dumping data for table `categories`
--

LOCK TABLES `categories` WRITE;
/*!40000 ALTER TABLE `categories` DISABLE KEYS */;
INSERT INTO `categories` VALUES (28,'judiel',12,'Femenino',12.0,15.0,'0',1,'2017-06-02 21:38:10','2017-06-02 22:03:35','2017-06-02 22:03:35',NULL),(29,'empresa2',12,'Masculino',22.0,28.0,'0',1,'2017-06-02 22:04:53','2017-06-02 23:07:02','2017-06-02 23:07:02',NULL),(30,'prueba',23,'Femenino',23.0,26.0,'0',0,'2017-06-02 23:07:33','2017-06-12 21:27:52',NULL,NULL),(31,'prueba 2',12,'Femenino',23.0,25.0,'0',1,'2017-06-07 17:32:37','2017-06-07 17:32:37',NULL,NULL);
/*!40000 ALTER TABLE `categories` ENABLE KEYS */;
UNLOCK TABLES;

--
-- Table structure for table `clubs`
--

DROP TABLE IF EXISTS `clubs`;
/*!40101 SET @saved_cs_client     = @@character_set_client */;
/*!40101 SET character_set_client = utf8 */;
CREATE TABLE `clubs` (
  `id` int(10) unsigned NOT NULL AUTO_INCREMENT,
  `name` varchar(100) NOT NULL,
  `green_fee` double(8,2) NOT NULL,
  `enabled` tinyint(4) NOT NULL DEFAULT '1',
  `created_at` timestamp NULL DEFAULT NULL,
  `updated_at` timestamp NULL DEFAULT NULL,
  `deleted_at` timestamp NULL DEFAULT NULL,
  PRIMARY KEY (`id`)
) ENGINE=InnoDB AUTO_INCREMENT=28 DEFAULT CHARSET=utf8;
/*!40101 SET character_set_client = @saved_cs_client */;

--
-- Dumping data for table `clubs`
--

LOCK TABLES `clubs` WRITE;
/*!40000 ALTER TABLE `clubs` DISABLE KEYS */;
INSERT INTO `clubs` VALUES (1,'BARQUISIMETO GOLF CLUB',78.21,1,'2017-03-30 16:36:02',NULL,NULL),(2,'CARABALLEDA GOLF & YACHT CLUB',39.34,1,'2017-03-30 16:36:02',NULL,NULL),(3,'CARACAS COUNTRY CLUB',75.39,1,'2017-03-30 16:36:02',NULL,NULL),(4,'CARDON GOLF CLUB',56.61,1,'2017-03-30 16:36:02',NULL,NULL),(5,'CLUB DE GOLFISTAS ASOCIADOS  A.C.  (Municipio El Hatillo, Edo. Miranda) \"Lagunita\"',37.99,1,'2017-03-30 16:36:02',NULL,NULL),(6,'CARDONCLUB DE GOLFISTAS COMUNIDAD SOCIAL Y DEPORTIVA EL MENITO GOLF',56.41,1,'2017-03-30 16:36:02',NULL,NULL),(7,'CLUB DEPORTIVO DE GOLF CARONOCO, A.C',57.56,1,'2017-03-30 16:36:02',NULL,NULL),(8,'CLUB DE GOLF DEL CENTRO',81.73,1,'2017-03-30 16:36:02',NULL,NULL),(9,'CLUB DE GOLFISTAS DE MARACAY',78.30,1,'2017-03-30 16:36:02',NULL,NULL),(10,'CLUB DE GOLF JUVENIL DE ARAGUA',87.84,1,'2017-03-30 16:36:02',NULL,NULL),(11,'ASOCIACION CIVIL DE GOLF DE MARACAY',87.85,1,'2017-03-30 16:36:02',NULL,NULL),(12,'CLUB DE GOLF SAN VALENTÍN',37.58,1,'2017-03-30 16:36:02',NULL,NULL),(13,'CUMANAGOTO GOLF CLUB',47.45,1,'2017-03-30 16:36:02',NULL,NULL),(14,'EL MORRO GOLF CLUB',77.49,1,'2017-03-30 16:36:02',NULL,NULL),(15,'GUATAPARO COUNTRY CLUB',39.79,1,'2017-03-30 16:36:02',NULL,NULL),(16,'ISLA DE MARGARITA GOLF CLUB',30.77,1,'2017-03-30 16:36:03',NULL,NULL),(17,'IZCARAGUA COUNTRY CLUB',69.94,1,'2017-03-30 16:36:03',NULL,NULL),(18,'JUNKO GOLF CLUB',92.39,1,'2017-03-30 16:36:03',NULL,NULL),(19,'LA CUMACA GOLF CLUB',53.46,1,'2017-03-30 16:36:03',NULL,NULL),(20,'LOS ANAUCOS GOLF CLUB',73.47,1,'2017-03-30 16:36:03',NULL,NULL),(21,'LOS CANALES GOLF CLUB',41.06,1,'2017-03-30 16:36:03',NULL,NULL),(22,'MARACAIBO COUNTRY CLUB',83.53,1,'2017-03-30 16:36:03',NULL,NULL),(23,'PGA DE VENEZUELA',96.52,1,'2017-03-30 16:36:03',NULL,NULL),(24,'PUERTO LA CRUZ GOLF & COUNTRY CLUB',38.06,1,'2017-03-30 16:36:03',NULL,NULL),(25,'SAN LUIS COUNTRY CLUB',53.24,1,'2017-03-30 16:36:03',NULL,NULL),(26,'SAN MIGUEL COUNTRY CLUB',65.00,1,'2017-03-30 16:36:03',NULL,NULL),(27,'VALLE ARRIBA GOLF CLUB',33.85,1,'2017-03-30 16:36:03',NULL,NULL);
/*!40000 ALTER TABLE `clubs` ENABLE KEYS */;
UNLOCK TABLES;

--
-- Table structure for table `companies`
--

DROP TABLE IF EXISTS `companies`;
/*!40101 SET @saved_cs_client     = @@character_set_client */;
/*!40101 SET character_set_client = utf8 */;
CREATE TABLE `companies` (
  `id` int(10) unsigned NOT NULL AUTO_INCREMENT,
  `name` varchar(255) NOT NULL,
  `phone` varchar(255) NOT NULL,
  `rif` varchar(255) NOT NULL,
  `address` varchar(255) NOT NULL,
  `tax` varchar(255) NOT NULL,
  `enabled` tinyint(4) NOT NULL DEFAULT '1',
  `created_at` timestamp NULL DEFAULT NULL,
  `updated_at` timestamp NULL DEFAULT NULL,
  `deleted_at` timestamp NULL DEFAULT NULL,
  PRIMARY KEY (`id`)
) ENGINE=InnoDB DEFAULT CHARSET=utf8;
/*!40101 SET character_set_client = @saved_cs_client */;

--
-- Dumping data for table `companies`
--

LOCK TABLES `companies` WRITE;
/*!40000 ALTER TABLE `companies` DISABLE KEYS */;
/*!40000 ALTER TABLE `companies` ENABLE KEYS */;
UNLOCK TABLES;

--
-- Table structure for table `day_draws`
--

DROP TABLE IF EXISTS `day_draws`;
/*!40101 SET @saved_cs_client     = @@character_set_client */;
/*!40101 SET character_set_client = utf8 */;
CREATE TABLE `day_draws` (
  `id` int(10) unsigned NOT NULL AUTO_INCREMENT,
  `date` date NOT NULL,
  `day_draw_status` tinyint(4) NOT NULL DEFAULT '0',
  `enabled` tinyint(4) NOT NULL DEFAULT '1',
  `draw_id` int(10) unsigned DEFAULT NULL,
  `created_at` timestamp NULL DEFAULT NULL,
  `updated_at` timestamp NULL DEFAULT NULL,
  `deleted_at` timestamp NULL DEFAULT NULL,
  PRIMARY KEY (`id`),
  KEY `day_draws_draw_id_index` (`draw_id`),
  CONSTRAINT `day_draws_draw_id_foreign` FOREIGN KEY (`draw_id`) REFERENCES `draws` (`id`) ON DELETE CASCADE ON UPDATE SET NULL
) ENGINE=InnoDB AUTO_INCREMENT=68 DEFAULT CHARSET=utf8;
/*!40101 SET character_set_client = @saved_cs_client */;

--
-- Dumping data for table `day_draws`
--

LOCK TABLES `day_draws` WRITE;
/*!40000 ALTER TABLE `day_draws` DISABLE KEYS */;
INSERT INTO `day_draws` VALUES (64,'2017-06-17',1,1,71,'2017-06-12 18:22:32','2017-06-12 18:26:18',NULL),(66,'2017-07-15',0,1,77,'2017-06-14 00:05:50','2017-06-14 00:15:23',NULL),(67,'2017-07-16',0,1,77,'2017-06-14 00:15:30','2017-06-14 00:15:30',NULL);
/*!40000 ALTER TABLE `day_draws` ENABLE KEYS */;
UNLOCK TABLES;

--
-- Table structure for table `draw_reservations`
--

DROP TABLE IF EXISTS `draw_reservations`;
/*!40101 SET @saved_cs_client     = @@character_set_client */;
/*!40101 SET character_set_client = utf8 */;
CREATE TABLE `draw_reservations` (
  `id` int(10) unsigned NOT NULL AUTO_INCREMENT,
  `date` date NOT NULL,
  `time` time NOT NULL,
  `enabled` tinyint(4) NOT NULL DEFAULT '1',
  `time_draw_id` int(10) unsigned NOT NULL,
  `reservation_id` int(10) unsigned NOT NULL,
  `created_at` timestamp NULL DEFAULT NULL,
  `updated_at` timestamp NULL DEFAULT NULL,
  `deleted_at` timestamp NULL DEFAULT NULL,
  PRIMARY KEY (`id`),
  KEY `draw_reservations_time_draw_id_index` (`time_draw_id`),
  KEY `draw_reservations_reservation_id_index` (`reservation_id`),
  CONSTRAINT `draw_reservations_reservation_id_foreign` FOREIGN KEY (`reservation_id`) REFERENCES `reservations` (`id`) ON DELETE CASCADE ON UPDATE CASCADE,
  CONSTRAINT `draw_reservations_time_draw_id_foreign` FOREIGN KEY (`time_draw_id`) REFERENCES `time_draws` (`id`) ON DELETE CASCADE ON UPDATE CASCADE
) ENGINE=InnoDB AUTO_INCREMENT=39 DEFAULT CHARSET=utf8;
/*!40101 SET character_set_client = @saved_cs_client */;

--
-- Dumping data for table `draw_reservations`
--

LOCK TABLES `draw_reservations` WRITE;
/*!40000 ALTER TABLE `draw_reservations` DISABLE KEYS */;
INSERT INTO `draw_reservations` VALUES (34,'2017-06-17','06:20:00',1,470,259,'2017-06-12 18:23:04','2017-06-12 18:26:18',NULL),(35,'2017-06-17','06:10:00',1,470,260,'2017-06-12 18:23:33','2017-06-12 18:26:18',NULL),(36,'2017-06-17','06:00:00',1,470,261,'2017-06-12 18:24:14','2017-06-12 18:26:18',NULL),(37,'2017-06-17','06:30:00',1,470,262,'2017-06-12 18:24:43','2017-06-12 18:26:18',NULL),(38,'2017-06-17','06:40:00',1,470,263,'2017-06-12 18:25:22','2017-06-12 18:26:18',NULL);
/*!40000 ALTER TABLE `draw_reservations` ENABLE KEYS */;
UNLOCK TABLES;

--
-- Table structure for table `draws`
--

DROP TABLE IF EXISTS `draws`;
/*!40101 SET @saved_cs_client     = @@character_set_client */;
/*!40101 SET character_set_client = utf8 */;
CREATE TABLE `draws` (
  `id` int(10) unsigned NOT NULL AUTO_INCREMENT,
  `start_date` date NOT NULL,
  `draw_date` date NOT NULL,
  `draw_status` tinyint(4) NOT NULL DEFAULT '0',
  `enabled` tinyint(4) NOT NULL DEFAULT '1',
  `created_at` timestamp NULL DEFAULT NULL,
  `updated_at` timestamp NULL DEFAULT NULL,
  `deleted_at` timestamp NULL DEFAULT NULL,
  PRIMARY KEY (`id`)
) ENGINE=InnoDB AUTO_INCREMENT=78 DEFAULT CHARSET=utf8;
/*!40101 SET character_set_client = @saved_cs_client */;

--
-- Dumping data for table `draws`
--

LOCK TABLES `draws` WRITE;
/*!40000 ALTER TABLE `draws` DISABLE KEYS */;
INSERT INTO `draws` VALUES (71,'2017-06-14','2017-06-16',1,1,'2017-06-12 18:22:32','2017-06-12 18:26:18',NULL),(72,'2017-06-13','2017-06-15',0,1,'2017-06-13 23:14:38','2017-06-13 23:14:38',NULL),(74,'2017-07-04','2017-07-06',0,1,'2017-06-14 00:03:21','2017-06-14 00:03:21',NULL),(75,'2017-07-06','2017-07-13',0,1,'2017-06-14 00:03:54','2017-06-14 00:03:54',NULL),(76,'2017-07-04','2017-07-06',0,1,'2017-06-14 00:04:20','2017-06-14 00:04:20',NULL),(77,'2017-07-11','2017-07-12',0,1,'2017-06-14 00:05:50','2017-06-14 00:10:14',NULL);
/*!40000 ALTER TABLE `draws` ENABLE KEYS */;
UNLOCK TABLES;

--
-- Table structure for table `golf_courses`
--

DROP TABLE IF EXISTS `golf_courses`;
/*!40101 SET @saved_cs_client     = @@character_set_client */;
/*!40101 SET character_set_client = utf8 */;
CREATE TABLE `golf_courses` (
  `id` int(10) unsigned NOT NULL AUTO_INCREMENT,
  `interval` int(10) unsigned NOT NULL,
  `start_time` time NOT NULL,
  `end_time` time NOT NULL,
  `status` tinyint(4) NOT NULL DEFAULT '1' COMMENT 'Field to indicate if the golf course is closed or open',
  `enabled` tinyint(4) NOT NULL DEFAULT '1',
  `created_at` timestamp NULL DEFAULT NULL,
  `updated_at` timestamp NULL DEFAULT NULL,
  `deleted_at` timestamp NULL DEFAULT NULL,
  `cars_status` tinyint(1) DEFAULT '1',
  PRIMARY KEY (`id`)
) ENGINE=InnoDB AUTO_INCREMENT=2 DEFAULT CHARSET=utf8;
/*!40101 SET character_set_client = @saved_cs_client */;

--
-- Dumping data for table `golf_courses`
--

LOCK TABLES `golf_courses` WRITE;
/*!40000 ALTER TABLE `golf_courses` DISABLE KEYS */;
INSERT INTO `golf_courses` VALUES (1,10,'06:00:00','18:00:00',1,1,'2017-03-30 16:36:02','2017-06-13 19:22:12',NULL,1);
/*!40000 ALTER TABLE `golf_courses` ENABLE KEYS */;
UNLOCK TABLES;

--
-- Table structure for table `green_reservations`
--

DROP TABLE IF EXISTS `green_reservations`;
/*!40101 SET @saved_cs_client     = @@character_set_client */;
/*!40101 SET character_set_client = utf8 */;
CREATE TABLE `green_reservations` (
  `id` int(10) unsigned NOT NULL AUTO_INCREMENT,
  `created_at` timestamp NULL DEFAULT NULL,
  `updated_at` timestamp NULL DEFAULT NULL,
  `green_id` int(10) unsigned NOT NULL,
  `reservation_id` int(10) unsigned NOT NULL,
  PRIMARY KEY (`id`),
  KEY `green_reservations_green_id_foreign` (`green_id`),
  KEY `green_reservations_reservation_id_foreign` (`reservation_id`),
  CONSTRAINT `green_reservations_green_id_foreign` FOREIGN KEY (`green_id`) REFERENCES `reservation_definitions` (`id`),
  CONSTRAINT `green_reservations_reservation_id_foreign` FOREIGN KEY (`reservation_id`) REFERENCES `reservations` (`id`)
) ENGINE=InnoDB AUTO_INCREMENT=245 DEFAULT CHARSET=utf8;
/*!40101 SET character_set_client = @saved_cs_client */;

--
-- Dumping data for table `green_reservations`
--

LOCK TABLES `green_reservations` WRITE;
/*!40000 ALTER TABLE `green_reservations` DISABLE KEYS */;
INSERT INTO `green_reservations` VALUES (1,'2017-06-01 23:07:11','2017-06-01 23:07:11',109,87),(2,'2017-06-02 00:43:57','2017-06-02 00:43:57',110,92),(3,'2017-06-02 00:55:12','2017-06-02 00:55:12',110,93),(4,'2017-06-02 00:58:28','2017-06-02 00:58:28',108,94),(5,'2017-06-02 00:58:33','2017-06-02 00:58:33',108,95),(6,'2017-06-02 01:02:35','2017-06-02 01:02:35',109,96),(7,'2017-06-02 18:01:36','2017-06-02 18:01:36',109,104),(8,'2017-06-02 18:09:03','2017-06-02 18:09:03',109,105),(9,'2017-06-02 19:36:58','2017-06-02 19:36:58',108,107),(10,'2017-06-02 21:30:53','2017-06-02 21:30:53',108,108),(11,'2017-06-02 21:30:53','2017-06-02 21:30:53',108,108),(12,'2017-06-02 21:30:53','2017-06-02 21:30:53',108,108),(29,'2017-06-02 22:41:27','2017-06-02 22:41:27',108,117),(30,'2017-06-02 22:41:27','2017-06-02 22:41:27',108,117),(31,'2017-06-02 22:52:29','2017-06-02 22:52:29',105,119),(32,'2017-06-02 22:52:29','2017-06-02 22:52:29',105,119),(33,'2017-06-02 23:00:03','2017-06-02 23:00:03',109,120),(34,'2017-06-02 23:00:03','2017-06-02 23:00:03',109,120),(35,'2017-06-02 23:03:08','2017-06-02 23:03:08',109,121),(36,'2017-06-02 23:03:08','2017-06-02 23:03:08',109,121),(37,'2017-06-02 23:46:20','2017-06-02 23:46:20',109,122),(38,'2017-06-02 23:46:20','2017-06-02 23:46:20',109,122),(39,'2017-06-02 23:47:59','2017-06-02 23:47:59',109,123),(40,'2017-06-02 23:47:59','2017-06-02 23:47:59',109,123),(41,'2017-06-02 23:49:59','2017-06-02 23:49:59',109,124),(42,'2017-06-02 23:51:02','2017-06-02 23:51:02',108,125),(43,'2017-06-03 00:03:37','2017-06-03 00:03:37',109,126),(44,'2017-06-03 00:03:37','2017-06-03 00:03:37',109,126),(45,'2017-06-03 00:11:39','2017-06-03 00:11:39',109,127),(46,'2017-06-03 00:11:39','2017-06-03 00:11:39',109,127),(47,'2017-06-03 00:11:39','2017-06-03 00:11:39',109,127),(48,'2017-06-03 00:11:39','2017-06-03 00:11:39',109,127),(49,'2017-06-03 00:17:41','2017-06-03 00:17:41',109,128),(50,'2017-06-03 00:17:41','2017-06-03 00:17:41',109,128),(51,'2017-06-03 00:17:41','2017-06-03 00:17:41',109,128),(52,'2017-06-03 00:17:41','2017-06-03 00:17:41',109,128),(53,'2017-06-03 00:18:45','2017-06-03 00:18:45',109,129),(54,'2017-06-03 00:18:45','2017-06-03 00:18:45',109,129),(55,'2017-06-03 00:18:45','2017-06-03 00:18:45',109,129),(56,'2017-06-03 00:18:45','2017-06-03 00:18:45',109,129),(57,'2017-06-03 00:20:18','2017-06-03 00:20:18',109,130),(58,'2017-06-03 00:20:18','2017-06-03 00:20:18',109,130),(59,'2017-06-03 00:20:18','2017-06-03 00:20:18',109,130),(60,'2017-06-03 00:20:18','2017-06-03 00:20:18',109,130),(184,'2017-06-05 16:52:57','2017-06-05 16:52:57',109,192),(185,'2017-06-05 16:52:57','2017-06-05 16:52:57',109,192),(186,'2017-06-05 17:26:04','2017-06-05 17:26:04',109,193),(187,'2017-06-05 17:26:04','2017-06-05 17:26:04',109,193),(188,'2017-06-05 17:26:04','2017-06-05 17:26:04',109,193),(189,'2017-06-05 17:32:22','2017-06-05 17:32:22',109,194),(190,'2017-06-05 17:32:22','2017-06-05 17:32:22',109,194),(191,'2017-06-05 17:32:22','2017-06-05 17:32:22',109,194),(192,'2017-06-05 17:35:09','2017-06-05 17:35:09',109,195),(193,'2017-06-05 17:35:09','2017-06-05 17:35:09',109,195),(194,'2017-06-05 17:35:09','2017-06-05 17:35:09',109,195),(195,'2017-06-05 17:35:09','2017-06-05 17:35:09',109,195),(196,'2017-06-05 17:36:46','2017-06-05 17:36:46',109,196),(197,'2017-06-05 17:36:46','2017-06-05 17:36:46',109,196),(198,'2017-06-05 17:36:46','2017-06-05 17:36:46',109,196),(202,'2017-06-05 18:16:09','2017-06-05 18:16:09',109,205),(203,'2017-06-05 18:16:09','2017-06-05 18:16:09',109,205),(204,'2017-06-05 18:29:31','2017-06-05 18:29:31',108,206),(205,'2017-06-05 19:05:00','2017-06-05 19:05:00',109,211),(206,'2017-06-05 19:05:00','2017-06-05 19:05:00',109,211),(213,'2017-06-05 19:42:33','2017-06-05 19:42:33',109,216),(214,'2017-06-05 19:42:33','2017-06-05 19:42:33',109,216),(215,'2017-06-05 19:44:21','2017-06-05 19:44:21',109,217),(216,'2017-06-05 19:44:21','2017-06-05 19:44:21',109,217),(217,'2017-06-05 22:46:56','2017-06-05 22:46:56',108,218),(218,'2017-06-06 20:11:01','2017-06-06 20:11:01',109,226),(219,'2017-06-06 22:49:46','2017-06-06 22:49:46',109,236),(220,'2017-06-06 22:49:46','2017-06-06 22:49:46',109,236),(221,'2017-06-06 22:52:53','2017-06-06 22:52:53',108,237),(222,'2017-06-06 22:52:53','2017-06-06 22:52:53',108,237),(223,'2017-06-07 00:34:34','2017-06-07 00:34:34',109,238),(232,'2017-06-07 18:46:16','2017-06-07 18:46:16',108,250),(233,'2017-06-07 19:11:29','2017-06-07 19:11:29',105,251),(234,'2017-06-12 17:48:33','2017-06-12 17:48:33',108,252),(236,'2017-06-12 18:11:06','2017-06-12 18:11:06',108,254),(237,'2017-06-12 18:12:00','2017-06-12 18:12:00',109,255),(238,'2017-06-12 18:14:03','2017-06-12 18:14:03',109,257),(239,'2017-06-12 18:14:37','2017-06-12 18:14:37',109,258),(240,'2017-06-12 18:23:04','2017-06-12 18:23:04',108,259),(241,'2017-06-12 18:23:33','2017-06-12 18:23:33',108,260),(242,'2017-06-12 18:24:14','2017-06-12 18:24:14',105,261),(243,'2017-06-12 18:24:43','2017-06-12 18:24:43',108,262),(244,'2017-06-12 18:25:22','2017-06-12 18:25:22',108,263);
/*!40000 ALTER TABLE `green_reservations` ENABLE KEYS */;
UNLOCK TABLES;

--
-- Table structure for table `groups`
--

DROP TABLE IF EXISTS `groups`;
/*!40101 SET @saved_cs_client     = @@character_set_client */;
/*!40101 SET character_set_client = utf8 */;
CREATE TABLE `groups` (
  `id` int(10) unsigned NOT NULL AUTO_INCREMENT,
  `name` varchar(255) NOT NULL,
  `enabled` tinyint(4) NOT NULL DEFAULT '1',
  `teacher_id` int(10) unsigned DEFAULT NULL,
  `created_at` timestamp NULL DEFAULT NULL,
  `updated_at` timestamp NULL DEFAULT NULL,
  `deleted_at` timestamp NULL DEFAULT NULL,
  PRIMARY KEY (`id`),
  KEY `groups_teacher_id_index` (`teacher_id`),
  CONSTRAINT `groups_teacher_id_foreign` FOREIGN KEY (`teacher_id`) REFERENCES `teachers` (`id`) ON DELETE CASCADE ON UPDATE CASCADE
) ENGINE=InnoDB AUTO_INCREMENT=5 DEFAULT CHARSET=utf8;
/*!40101 SET character_set_client = @saved_cs_client */;

--
-- Dumping data for table `groups`
--

LOCK TABLES `groups` WRITE;
/*!40000 ALTER TABLE `groups` DISABLE KEYS */;
INSERT INTO `groups` VALUES (1,'Juniors',1,1,'2017-04-28 21:22:33','2017-04-30 02:55:27',NULL),(2,'Senior',1,2,'2017-04-28 21:53:53','2017-04-28 21:53:53',NULL),(3,'Juniors Masculino',1,2,'2017-04-30 02:55:44','2017-04-30 02:56:19','2017-04-30 02:56:19'),(4,'Senior Femenino',1,3,'2017-04-30 02:56:10','2017-04-30 02:56:10',NULL);
/*!40000 ALTER TABLE `groups` ENABLE KEYS */;
UNLOCK TABLES;

--
-- Table structure for table `list_drawns`
--

DROP TABLE IF EXISTS `list_drawns`;
/*!40101 SET @saved_cs_client     = @@character_set_client */;
/*!40101 SET character_set_client = utf8 */;
CREATE TABLE `list_drawns` (
  `id` int(10) unsigned NOT NULL AUTO_INCREMENT,
  `enabled` tinyint(4) NOT NULL DEFAULT '1',
  `day_draw_id` int(10) unsigned NOT NULL,
  `reservation_id` int(10) unsigned NOT NULL,
  `created_at` timestamp NULL DEFAULT NULL,
  `updated_at` timestamp NULL DEFAULT NULL,
  `deleted_at` timestamp NULL DEFAULT NULL,
  PRIMARY KEY (`id`),
  KEY `list_drawns_day_draw_id_index` (`day_draw_id`),
  KEY `list_drawns_reservation_id_index` (`reservation_id`),
  CONSTRAINT `list_drawns_day_draw_id_foreign` FOREIGN KEY (`day_draw_id`) REFERENCES `day_draws` (`id`) ON DELETE CASCADE ON UPDATE CASCADE,
  CONSTRAINT `list_drawns_reservation_id_foreign` FOREIGN KEY (`reservation_id`) REFERENCES `reservations` (`id`) ON DELETE CASCADE ON UPDATE CASCADE
) ENGINE=InnoDB AUTO_INCREMENT=95 DEFAULT CHARSET=utf8;
/*!40101 SET character_set_client = @saved_cs_client */;

--
-- Dumping data for table `list_drawns`
--

LOCK TABLES `list_drawns` WRITE;
/*!40000 ALTER TABLE `list_drawns` DISABLE KEYS */;
INSERT INTO `list_drawns` VALUES (90,1,64,261,'2017-06-12 18:26:18','2017-06-12 18:26:18',NULL),(91,1,64,260,'2017-06-12 18:26:18','2017-06-12 18:26:18',NULL),(92,1,64,259,'2017-06-12 18:26:18','2017-06-12 18:26:18',NULL),(93,1,64,262,'2017-06-12 18:26:18','2017-06-12 18:26:18',NULL),(94,1,64,263,'2017-06-12 18:26:18','2017-06-12 18:26:18',NULL);
/*!40000 ALTER TABLE `list_drawns` ENABLE KEYS */;
UNLOCK TABLES;

--
-- Table structure for table `locker_loans`
--

DROP TABLE IF EXISTS `locker_loans`;
/*!40101 SET @saved_cs_client     = @@character_set_client */;
/*!40101 SET character_set_client = utf8 */;
CREATE TABLE `locker_loans` (
  `id` int(10) unsigned NOT NULL AUTO_INCREMENT,
  `observations_out` text,
  `observations_in` text,
  `locker_id` int(10) unsigned NOT NULL,
  `member_id` int(10) unsigned NOT NULL,
  `finalized_at` timestamp NULL DEFAULT NULL,
  `created_at` timestamp NULL DEFAULT NULL,
  `updated_at` timestamp NULL DEFAULT NULL,
  `deleted_at` timestamp NULL DEFAULT NULL,
  PRIMARY KEY (`id`),
  KEY `locker_loans_locker_id_index` (`locker_id`),
  KEY `locker_loans_member_id_index` (`member_id`),
  CONSTRAINT `locker_loans_locker_id_foreign` FOREIGN KEY (`locker_id`) REFERENCES `lockers` (`id`) ON DELETE CASCADE ON UPDATE CASCADE,
  CONSTRAINT `locker_loans_member_id_foreign` FOREIGN KEY (`member_id`) REFERENCES `members` (`id`) ON DELETE CASCADE ON UPDATE CASCADE
) ENGINE=InnoDB AUTO_INCREMENT=16 DEFAULT CHARSET=utf8;
/*!40101 SET character_set_client = @saved_cs_client */;

--
-- Dumping data for table `locker_loans`
--

LOCK TABLES `locker_loans` WRITE;
/*!40000 ALTER TABLE `locker_loans` DISABLE KEYS */;
INSERT INTO `locker_loans` VALUES (1,'salida',NULL,1,7,NULL,'2017-04-28 20:02:20','2017-04-28 20:02:20',NULL),(11,'sioi',NULL,9,4,NULL,'2017-04-28 20:10:23','2017-04-28 20:10:23',NULL),(12,'sioi',NULL,9,4,NULL,'2017-04-28 20:10:24','2017-04-28 20:10:24',NULL),(13,'sioi',NULL,9,4,NULL,'2017-04-28 20:10:24','2017-04-28 20:10:24',NULL),(14,'sioi',NULL,9,4,NULL,'2017-04-28 20:10:24','2017-04-28 20:10:24',NULL),(15,NULL,NULL,2,111,NULL,'2017-06-01 20:16:02','2017-06-01 20:16:18','2017-06-01 20:16:18');
/*!40000 ALTER TABLE `locker_loans` ENABLE KEYS */;
UNLOCK TABLES;

--
-- Table structure for table `lockers`
--

DROP TABLE IF EXISTS `lockers`;
/*!40101 SET @saved_cs_client     = @@character_set_client */;
/*!40101 SET character_set_client = utf8 */;
CREATE TABLE `lockers` (
  `id` int(10) unsigned NOT NULL AUTO_INCREMENT,
  `name` varchar(255) NOT NULL,
  `status` enum('Disponible','Prestamo','Indisponible') NOT NULL DEFAULT 'Disponible',
  `created_at` timestamp NULL DEFAULT NULL,
  `updated_at` timestamp NULL DEFAULT NULL,
  `deleted_at` timestamp NULL DEFAULT NULL,
  PRIMARY KEY (`id`)
) ENGINE=InnoDB AUTO_INCREMENT=26 DEFAULT CHARSET=utf8;
/*!40101 SET character_set_client = @saved_cs_client */;

--
-- Dumping data for table `lockers`
--

LOCK TABLES `lockers` WRITE;
/*!40000 ALTER TABLE `lockers` DISABLE KEYS */;
INSERT INTO `lockers` VALUES (1,'001','Disponible','2017-04-27 22:05:00','2017-04-28 20:02:20',NULL),(2,'002','Disponible','2017-04-27 22:05:00','2017-06-01 20:16:18',NULL),(3,'003','Disponible','2017-04-27 22:05:00','2017-04-27 22:05:00',NULL),(4,'004','Disponible','2017-04-27 22:05:00','2017-04-27 22:05:00',NULL),(5,'005','Disponible','2017-04-27 22:05:00','2017-04-28 17:21:14',NULL),(6,'006','Disponible','2017-04-27 22:05:00','2017-04-27 22:05:00',NULL),(7,'007','Disponible','2017-04-27 22:05:00','2017-06-01 20:16:39',NULL),(8,'008','Disponible','2017-04-27 22:05:00','2017-04-27 22:05:00',NULL),(9,'009','Disponible','2017-04-27 22:05:00','2017-04-28 20:10:23',NULL),(10,'010','Disponible','2017-04-27 22:05:00','2017-04-28 19:58:37',NULL),(11,'011','Disponible','2017-04-27 22:05:00','2017-04-27 22:05:00',NULL),(12,'012','Disponible','2017-04-27 22:05:00','2017-04-27 22:05:00',NULL),(13,'013','Disponible','2017-04-27 22:05:01','2017-04-27 22:05:01',NULL),(14,'014','Disponible','2017-04-27 22:05:01','2017-04-27 22:05:01',NULL),(15,'015','Disponible','2017-04-27 22:05:01','2017-04-27 22:05:01',NULL),(16,'016','Disponible','2017-04-27 22:05:01','2017-04-27 22:05:01',NULL),(17,'017','Disponible','2017-04-27 22:05:01','2017-04-27 22:05:01',NULL),(18,'018','Disponible','2017-04-27 22:05:01','2017-04-27 22:05:01',NULL),(19,'019','Disponible','2017-04-27 22:05:01','2017-04-27 22:05:01',NULL),(20,'020','Disponible','2017-04-27 22:05:01','2017-04-27 22:05:01',NULL),(21,'021','Disponible','2017-04-27 23:03:05','2017-04-28 19:56:25',NULL),(22,'022','Disponible','2017-06-01 23:06:34','2017-06-01 23:06:34',NULL),(23,'025','Disponible','2017-06-01 23:06:46','2017-06-01 23:07:17','2017-06-01 23:07:17'),(24,'023','Disponible','2017-06-01 23:06:59','2017-06-01 23:06:59',NULL),(25,'024','Indisponible','2017-06-01 23:07:07','2017-06-01 23:07:13','2017-06-01 23:07:13');
/*!40000 ALTER TABLE `lockers` ENABLE KEYS */;
UNLOCK TABLES;

--
-- Table structure for table `member_reservations`
--

DROP TABLE IF EXISTS `member_reservations`;
/*!40101 SET @saved_cs_client     = @@character_set_client */;
/*!40101 SET character_set_client = utf8 */;
CREATE TABLE `member_reservations` (
  `id` int(10) unsigned NOT NULL AUTO_INCREMENT,
  `enabled` tinyint(4) NOT NULL DEFAULT '1',
  `reservation_id` int(10) unsigned NOT NULL,
  `member_id` int(10) unsigned NOT NULL,
  `created_at` timestamp NULL DEFAULT NULL,
  `updated_at` timestamp NULL DEFAULT NULL,
  `deleted_at` timestamp NULL DEFAULT NULL,
  PRIMARY KEY (`id`),
  KEY `member_reservations_reservation_id_index` (`reservation_id`),
  KEY `member_reservations_member_id_index` (`member_id`)
) ENGINE=InnoDB AUTO_INCREMENT=468 DEFAULT CHARSET=utf8;
/*!40101 SET character_set_client = @saved_cs_client */;

--
-- Dumping data for table `member_reservations`
--

LOCK TABLES `member_reservations` WRITE;
/*!40000 ALTER TABLE `member_reservations` DISABLE KEYS */;
INSERT INTO `member_reservations` VALUES (1,1,27,2,'2017-03-30 19:34:23','2017-03-30 19:34:23',NULL),(2,1,1,10,'2017-03-30 19:34:23','2017-03-30 19:34:23',NULL),(3,1,2,1,'2017-03-30 23:42:35','2017-03-30 23:42:35',NULL),(4,1,17,3,'2017-03-24 21:32:49',NULL,NULL),(5,1,26,3,'2017-03-24 21:32:50',NULL,NULL),(6,1,18,2,'2017-03-24 21:32:50',NULL,NULL),(7,1,18,5,'2017-03-24 21:32:50',NULL,NULL),(8,1,19,7,'2017-03-24 21:32:50',NULL,NULL),(9,1,15,4,'2017-03-25 00:39:37','2017-03-25 00:39:37',NULL),(10,1,30,2,'2017-03-25 00:50:56','2017-03-25 00:50:56',NULL),(11,1,33,8,'2017-03-25 00:52:09','2017-03-25 00:52:09',NULL),(12,1,20,4,'2017-03-27 22:23:24','2017-03-27 22:23:24',NULL),(13,1,22,4,'2017-03-27 22:28:08','2017-03-27 22:28:08',NULL),(14,1,21,4,'2017-03-27 22:30:12','2017-03-27 22:30:12',NULL),(15,1,23,5,'2017-03-27 22:34:23','2017-03-27 22:34:23',NULL),(16,1,25,4,'2017-03-28 00:44:51','2017-03-28 00:44:51',NULL),(17,1,24,4,'2017-03-28 00:58:12','2017-03-28 00:58:12',NULL),(18,1,21,7,'2017-03-28 04:00:00',NULL,NULL),(19,1,28,2,'2017-03-29 21:25:23','2017-03-29 21:25:23',NULL),(20,1,22,2,'2017-03-29 21:47:12','2017-03-29 21:47:12',NULL),(21,1,29,2,'2017-03-30 00:59:54','2017-03-30 00:59:54',NULL),(22,1,68,2,'2017-03-30 16:09:16','2017-03-30 16:09:16',NULL),(23,1,69,2,'2017-03-30 17:22:47','2017-03-30 17:22:47',NULL),(24,1,23,1,'2017-04-01 00:26:51','2017-04-01 00:26:51',NULL),(25,1,30,9,'2017-04-01 00:26:51','2017-04-01 00:26:51',NULL),(26,1,24,5,'2017-04-01 00:27:48','2017-04-01 00:27:48',NULL),(27,1,19,3,'2017-04-01 00:27:48','2017-04-01 00:27:48',NULL),(78,1,1,2,'2017-03-30 22:19:33','2017-03-30 22:19:33',NULL),(79,1,2,2,'2017-03-30 22:23:17','2017-03-30 22:23:17',NULL),(80,1,28,8,'2017-03-30 04:00:00','2017-03-30 04:00:00',NULL),(81,1,34,48,'2017-03-30 04:00:00','2017-03-30 04:00:00',NULL),(82,1,31,8,'2017-03-30 04:00:00','2017-03-30 04:00:00',NULL),(83,1,32,6,'2017-03-30 04:00:00','2017-03-30 04:00:00',NULL),(84,1,3,5,'2017-03-31 01:26:00','2017-03-31 01:26:00',NULL),(85,1,4,3,'2017-03-31 19:52:31','2017-03-31 19:52:31',NULL),(86,1,5,1,'2017-03-31 19:53:23','2017-03-31 19:53:23',NULL),(87,1,5,6,'2017-03-31 19:53:23','2017-03-31 19:53:23',NULL),(88,1,6,4,'2017-03-31 19:54:51','2017-03-31 19:54:51',NULL),(89,1,7,4,'2017-03-31 21:07:05','2017-03-31 21:07:05',NULL),(90,1,8,6,'2017-03-31 21:08:08','2017-03-31 21:08:08',NULL),(91,1,8,7,'2017-03-31 21:08:08','2017-03-31 21:08:08',NULL),(92,1,9,9,'2017-03-31 21:08:41','2017-03-31 21:08:41',NULL),(93,1,9,3,'2017-03-31 21:08:41','2017-03-31 21:08:41',NULL),(94,1,10,7,'2017-03-31 21:09:26','2017-03-31 21:09:26',NULL),(95,1,12,10,'2017-03-31 23:26:57','2017-03-31 23:26:57',NULL),(96,1,13,9,'2017-03-31 23:27:48','2017-03-31 23:27:48',NULL),(97,1,13,48,'2017-03-31 23:27:48','2017-03-31 23:27:48',NULL),(98,1,22,3,'2017-04-03 16:58:13','2017-04-03 16:58:13',NULL),(99,1,33,5,'2017-04-03 16:58:13','2017-04-03 16:58:13',NULL),(100,1,34,11,'2017-04-03 16:58:47','2017-04-03 16:58:47',NULL),(101,1,35,4,'2017-04-03 17:03:18','2017-04-03 17:03:18',NULL),(102,1,35,7,'2017-04-03 17:03:18','2017-04-03 17:03:18',NULL),(103,1,38,4,'2017-05-04 19:24:14','2017-05-04 19:24:14',NULL),(104,1,38,70,'2017-05-04 19:24:14','2017-05-04 19:24:14',NULL),(105,1,39,2,'2017-05-04 19:24:53','2017-05-04 19:24:53',NULL),(106,1,39,70,'2017-05-04 19:24:53','2017-05-04 19:24:53',NULL),(107,1,40,2,'2017-05-04 19:26:47','2017-05-04 19:26:47',NULL),(108,1,40,69,'2017-05-04 19:26:47','2017-05-04 19:26:47',NULL),(109,1,41,1,'2017-05-04 19:27:02','2017-05-04 19:27:02',NULL),(110,1,41,69,'2017-05-04 19:27:02','2017-05-04 19:27:02',NULL),(111,1,42,1,'2017-05-04 19:27:55','2017-05-04 19:27:55',NULL),(112,1,42,68,'2017-05-04 19:27:55','2017-05-04 19:27:55',NULL),(113,1,43,3,'2017-05-04 19:28:18','2017-05-04 19:28:18',NULL),(114,1,43,68,'2017-05-04 19:28:18','2017-05-04 19:28:18',NULL),(115,1,44,1,'2017-05-06 00:24:56','2017-05-06 00:24:56',NULL),(116,1,45,1,'2017-05-06 00:27:45','2017-05-06 00:27:45',NULL),(117,1,49,4,'2017-05-06 00:33:52','2017-05-06 00:33:52',NULL),(118,1,50,2,'2017-05-06 00:34:39','2017-05-06 00:34:39',NULL),(119,1,51,3,'2017-05-06 00:35:17','2017-05-06 00:35:17',NULL),(120,1,52,2,'2017-05-06 00:35:34','2017-05-06 00:35:34',NULL),(121,1,53,6,'2017-05-06 00:36:03','2017-05-06 00:36:03',NULL),(122,1,54,68,'2017-05-06 01:09:51','2017-05-06 01:09:51',NULL),(123,1,55,11,'2017-05-06 01:30:54','2017-05-06 01:30:54',NULL),(124,1,55,1,'2017-05-06 01:30:54','2017-05-06 01:30:54',NULL),(125,1,57,1,'2017-05-29 21:39:42','2017-05-29 21:39:42',NULL),(126,1,60,3,'2017-05-31 00:20:22','2017-05-31 00:20:22',NULL),(127,1,61,4,'2017-05-31 01:00:35','2017-05-31 01:00:35',NULL),(128,1,62,2,'2017-05-31 01:00:50','2017-05-31 01:00:50',NULL),(129,1,63,3,'2017-05-31 02:26:45','2017-05-31 02:26:45',NULL),(130,1,64,3,'2017-05-31 17:18:59','2017-05-31 17:18:59',NULL),(131,1,65,3,'2017-05-31 18:13:16','2017-05-31 18:13:16',NULL),(132,1,66,4,'2017-05-31 19:00:49','2017-05-31 19:00:49',NULL),(133,1,67,3,'2017-05-31 19:05:24','2017-05-31 19:05:24',NULL),(134,1,68,1,'2017-05-31 19:44:40','2017-05-31 19:44:40',NULL),(135,1,69,1,'2017-05-31 19:50:17','2017-05-31 19:50:17',NULL),(136,1,70,1,'2017-05-31 19:51:31','2017-05-31 19:51:31',NULL),(137,1,71,1,'2017-05-31 21:30:25','2017-05-31 21:30:25',NULL),(138,1,72,1,'2017-05-31 21:31:23','2017-05-31 21:31:23',NULL),(139,1,73,1,'2017-05-31 22:32:40','2017-05-31 22:32:40',NULL),(140,1,74,5,'2017-06-01 01:02:49','2017-06-01 01:02:49',NULL),(141,1,75,65,'2017-06-01 01:04:52','2017-06-01 01:04:52',NULL),(142,1,76,3,'2017-06-01 02:24:07','2017-06-01 02:24:07',NULL),(143,1,77,1,'2017-06-01 02:45:58','2017-06-01 02:45:58',NULL),(144,1,78,2,'2017-06-01 17:41:54','2017-06-01 17:41:54',NULL),(145,1,79,3,'2017-06-01 17:57:33','2017-06-01 17:57:33',NULL),(146,1,80,107,'2017-06-01 18:01:51','2017-06-01 18:01:51',NULL),(147,1,81,1,'2017-06-01 19:34:23','2017-06-01 19:34:23',NULL),(148,1,82,1,'2017-06-01 20:15:43','2017-06-01 20:15:43',NULL),(149,1,99,84,'2017-06-01 20:50:17','2017-06-13 22:11:55',NULL),(150,1,84,107,'2017-06-01 21:04:08','2017-06-01 21:04:08',NULL),(151,1,87,84,'2017-06-01 23:07:11','2017-06-01 23:07:11',NULL),(152,1,88,84,'2017-06-01 23:21:16','2017-06-01 23:21:16',NULL),(153,1,89,84,'2017-06-01 23:35:46','2017-06-01 23:35:46',NULL),(155,1,91,84,'2017-06-01 23:45:29','2017-06-01 23:45:29',NULL),(157,1,93,84,'2017-06-02 00:55:12','2017-06-02 00:55:12',NULL),(158,1,94,84,'2017-06-02 00:58:28','2017-06-02 00:58:28',NULL),(159,1,95,84,'2017-06-02 00:58:33','2017-06-02 00:58:33',NULL),(160,1,96,84,'2017-06-02 01:02:36','2017-06-02 01:02:36',NULL),(161,1,97,84,'2017-06-02 01:49:10','2017-06-02 01:49:10',NULL),(162,1,97,84,'2017-06-02 01:49:10','2017-06-02 01:49:10',NULL),(163,1,98,84,'2017-06-02 01:51:16','2017-06-02 01:51:16',NULL),(164,1,98,84,'2017-06-02 01:51:17','2017-06-02 01:51:17',NULL),(166,1,99,84,'2017-06-02 01:52:36','2017-06-13 22:13:27',NULL),(167,1,99,84,'2017-06-02 01:54:00','2017-06-13 21:46:44',NULL),(168,1,100,84,'2017-06-02 01:54:00','2017-06-02 01:54:00',NULL),(169,1,101,1,'2017-06-02 02:00:09','2017-06-02 02:00:09',NULL),(170,1,101,84,'2017-06-02 02:00:09','2017-06-02 02:00:09',NULL),(171,1,101,84,'2017-06-02 02:00:09','2017-06-02 02:00:09',NULL),(172,1,102,84,'2017-06-02 17:43:14','2017-06-02 17:43:14',NULL),(173,1,104,91,'2017-06-02 18:01:38','2017-06-02 18:01:38',NULL),(174,1,104,84,'2017-06-02 18:01:39','2017-06-02 18:01:39',NULL),(175,1,105,84,'2017-06-02 18:09:03','2017-06-02 18:09:03',NULL),(176,1,106,84,'2017-06-02 19:35:14','2017-06-02 19:35:14',NULL),(177,1,107,84,'2017-06-02 19:36:58','2017-06-02 19:36:58',NULL),(178,1,108,84,'2017-06-02 21:30:53','2017-06-02 21:30:53',NULL),(187,1,117,113,'2017-06-02 22:41:27','2017-06-02 22:41:27',NULL),(188,1,118,84,'2017-06-02 22:51:31','2017-06-02 22:51:31',NULL),(189,1,118,91,'2017-06-02 22:51:31','2017-06-02 22:51:31',NULL),(190,1,119,3,'2017-06-02 22:52:29','2017-06-02 22:52:29',NULL),(191,1,120,84,'2017-06-02 23:00:03','2017-06-02 23:00:03',NULL),(192,1,120,113,'2017-06-02 23:00:03','2017-06-02 23:00:03',NULL),(193,1,121,113,'2017-06-02 23:03:08','2017-06-02 23:03:08',NULL),(194,1,122,113,'2017-06-02 23:46:20','2017-06-02 23:46:20',NULL),(195,1,122,84,'2017-06-02 23:46:20','2017-06-02 23:46:20',NULL),(196,1,123,84,'2017-06-02 23:47:59','2017-06-02 23:47:59',NULL),(197,1,123,113,'2017-06-02 23:47:59','2017-06-02 23:47:59',NULL),(198,1,124,84,'2017-06-02 23:49:59','2017-06-02 23:49:59',NULL),(199,1,124,113,'2017-06-02 23:49:59','2017-06-02 23:49:59',NULL),(200,1,125,84,'2017-06-02 23:51:02','2017-06-02 23:51:02',NULL),(201,1,125,113,'2017-06-02 23:51:02','2017-06-02 23:51:02',NULL),(204,1,127,84,'2017-06-03 00:11:39','2017-06-03 00:11:39',NULL),(205,1,127,113,'2017-06-03 00:11:39','2017-06-03 00:11:39',NULL),(206,1,128,113,'2017-06-03 00:17:41','2017-06-03 00:17:41',NULL),(207,1,128,84,'2017-06-03 00:17:41','2017-06-03 00:17:41',NULL),(208,1,129,84,'2017-06-03 00:18:46','2017-06-03 00:18:46',NULL),(209,1,129,113,'2017-06-03 00:18:46','2017-06-03 00:18:46',NULL),(210,1,130,113,'2017-06-03 00:20:18','2017-06-03 00:20:18',NULL),(211,1,130,84,'2017-06-03 00:20:18','2017-06-03 00:20:18',NULL),(334,1,192,113,'2017-06-05 16:52:57','2017-06-05 16:52:57',NULL),(335,1,193,113,'2017-06-05 17:26:04','2017-06-05 17:26:04',NULL),(336,1,194,113,'2017-06-05 17:32:22','2017-06-05 17:32:22',NULL),(337,1,195,113,'2017-06-05 17:35:09','2017-06-05 17:35:09',NULL),(338,1,196,113,'2017-06-05 17:36:46','2017-06-05 17:36:46',NULL),(339,1,197,84,'2017-06-05 17:49:47','2017-06-05 17:49:47',NULL),(340,1,197,84,'2017-06-05 17:49:47','2017-06-05 17:49:47',NULL),(341,1,205,1,'2017-06-05 18:17:57','2017-06-05 18:17:57',NULL),(342,1,205,1,'2017-06-05 18:17:58','2017-06-05 18:17:58',NULL),(343,1,206,2,'2017-06-05 18:29:31','2017-06-05 18:29:31',NULL),(344,1,206,1,'2017-06-05 18:29:31','2017-06-05 18:29:31',NULL),(345,1,207,84,'2017-06-05 18:40:03','2017-06-05 18:40:03',NULL),(346,1,207,84,'2017-06-05 18:40:03','2017-06-05 18:40:03',NULL),(347,1,210,2,'2017-06-05 18:50:05','2017-06-05 18:50:05',NULL),(348,1,210,10,'2017-06-05 18:50:05','2017-06-05 18:50:05',NULL),(349,1,210,73,'2017-06-05 18:50:05','2017-06-05 18:50:05',NULL),(350,1,210,4,'2017-06-05 18:50:05','2017-06-05 18:50:05',NULL),(351,1,211,84,'2017-06-05 19:05:00','2017-06-05 19:05:00',NULL),(352,1,211,116,'2017-06-05 19:05:00','2017-06-05 19:05:00',NULL),(359,1,215,3,'2017-06-05 19:38:35','2017-06-05 19:38:35',NULL),(360,1,215,4,'2017-06-05 19:38:35','2017-06-05 19:38:35',NULL),(361,1,215,67,'2017-06-05 19:38:35','2017-06-05 19:38:35',NULL),(362,1,215,84,'2017-06-05 19:38:35','2017-06-05 19:38:35',NULL),(363,1,216,5,'2017-06-05 19:42:33','2017-06-05 19:42:33',NULL),(365,1,217,84,'2017-06-05 19:44:21','2017-06-05 19:44:21',NULL),(366,1,217,84,'2017-06-05 19:44:21','2017-06-05 19:44:21',NULL),(367,1,218,84,'2017-06-05 22:46:56','2017-06-05 22:46:56',NULL),(368,1,219,2,'2017-06-06 19:54:27','2017-06-06 19:54:27',NULL),(369,1,220,3,'2017-06-06 19:54:58','2017-06-06 19:54:58',NULL),(370,1,221,2,'2017-06-06 20:01:17','2017-06-06 20:01:17',NULL),(371,1,222,2,'2017-06-06 20:01:34','2017-06-06 20:01:34',NULL),(372,1,223,2,'2017-06-06 20:05:09','2017-06-06 20:05:09',NULL),(373,1,224,1,'2017-06-06 20:07:51','2017-06-06 20:07:51',NULL),(374,1,225,3,'2017-06-06 20:08:48','2017-06-06 20:08:48',NULL),(375,1,226,4,'2017-06-06 20:11:01','2017-06-06 20:11:01',NULL),(376,1,227,7,'2017-06-06 20:11:55','2017-06-06 20:11:55',NULL),(377,1,228,2,'2017-06-06 21:11:12','2017-06-06 21:11:12',NULL),(378,1,228,70,'2017-06-06 21:11:12','2017-06-06 21:11:12',NULL),(384,1,232,84,'2017-06-06 21:56:37','2017-06-06 21:56:37',NULL),(385,1,232,92,'2017-06-06 21:56:37','2017-06-06 21:56:37',NULL),(386,1,232,94,'2017-06-06 21:56:37','2017-06-06 21:56:37',NULL),(387,1,233,1,'2017-06-06 21:57:30','2017-06-06 21:57:30',NULL),(388,1,233,65,'2017-06-06 21:57:30','2017-06-06 21:57:30',NULL),(389,1,233,82,'2017-06-06 21:57:30','2017-06-06 21:57:30',NULL),(390,1,234,2,'2017-06-06 22:20:45','2017-06-06 22:20:45',NULL),(391,1,234,3,'2017-06-06 22:20:45','2017-06-06 22:20:45',NULL),(392,1,234,84,'2017-06-06 22:20:45','2017-06-06 22:20:45',NULL),(393,1,234,91,'2017-06-06 22:20:45','2017-06-06 22:20:45',NULL),(394,1,235,10,'2017-06-06 22:22:46','2017-06-06 22:22:46',NULL),(395,1,235,48,'2017-06-06 22:22:46','2017-06-06 22:22:46',NULL),(396,1,235,63,'2017-06-06 22:22:46','2017-06-06 22:22:46',NULL),(397,1,236,2,'2017-06-06 22:49:46','2017-06-06 22:49:46',NULL),(398,1,236,3,'2017-06-06 22:49:46','2017-06-06 22:49:46',NULL),(399,1,237,62,'2017-06-06 22:52:53','2017-06-06 22:52:53',NULL),(400,1,237,64,'2017-06-06 22:52:53','2017-06-06 22:52:53',NULL),(401,1,238,1,'2017-06-07 00:34:34','2017-06-07 00:34:34',NULL),(402,1,238,3,'2017-06-07 00:34:34','2017-06-07 00:34:34',NULL),(403,1,239,84,'2017-06-07 00:36:45','2017-06-07 00:36:45',NULL),(404,1,239,92,'2017-06-07 00:36:45','2017-06-07 00:36:45',NULL),(405,1,239,99,'2017-06-07 00:36:45','2017-06-07 00:36:45',NULL),(406,1,240,2,'2017-06-07 00:38:05','2017-06-07 00:38:05',NULL),(407,1,240,66,'2017-06-07 00:38:05','2017-06-07 00:38:05',NULL),(408,1,240,69,'2017-06-07 00:38:05','2017-06-07 00:38:05',NULL),(432,1,250,2,'2017-06-07 18:46:16','2017-06-07 18:46:16',NULL),(433,1,250,105,'2017-06-07 18:46:16','2017-06-07 18:46:16',NULL),(434,1,251,2,'2017-06-07 19:11:29','2017-06-07 19:11:29',NULL),(435,1,251,105,'2017-06-07 19:11:29','2017-06-07 19:11:29',NULL),(436,1,252,2,'2017-06-12 17:48:33','2017-06-12 17:48:33',NULL),(437,1,254,4,'2017-06-12 18:11:07','2017-06-12 18:11:07',NULL),(438,1,254,2,'2017-06-12 18:11:07','2017-06-12 18:11:07',NULL),(439,1,254,116,'2017-06-12 18:11:07','2017-06-12 18:11:07',NULL),(440,1,255,1,'2017-06-12 18:12:00','2017-06-12 18:12:00',NULL),(441,1,255,3,'2017-06-12 18:12:00','2017-06-12 18:12:00',NULL),(442,1,255,115,'2017-06-12 18:12:00','2017-06-12 18:12:00',NULL),(443,1,256,5,'2017-06-12 18:12:43','2017-06-12 18:12:43',NULL),(444,1,256,6,'2017-06-12 18:12:43','2017-06-12 18:12:43',NULL),(445,1,256,11,'2017-06-12 18:12:43','2017-06-12 18:12:43',NULL),(446,1,256,114,'2017-06-12 18:12:43','2017-06-12 18:12:43',NULL),(447,1,257,69,'2017-06-12 18:14:03','2017-06-12 18:14:03',NULL),(448,1,257,107,'2017-06-12 18:14:03','2017-06-12 18:14:03',NULL),(449,1,257,113,'2017-06-12 18:14:03','2017-06-12 18:14:03',NULL),(450,1,258,68,'2017-06-12 18:14:37','2017-06-12 18:14:37',NULL),(451,1,258,94,'2017-06-12 18:14:37','2017-06-12 18:14:37',NULL),(452,1,258,112,'2017-06-12 18:14:37','2017-06-12 18:14:37',NULL),(453,1,259,1,'2017-06-12 18:23:04','2017-06-12 18:23:04',NULL),(454,1,259,2,'2017-06-12 18:23:04','2017-06-12 18:23:04',NULL),(455,1,259,116,'2017-06-12 18:23:04','2017-06-12 18:23:04',NULL),(456,1,260,78,'2017-06-12 18:23:33','2017-06-12 18:23:33',NULL),(457,1,260,115,'2017-06-12 18:23:33','2017-06-12 18:23:33',NULL),(458,1,260,115,'2017-06-12 18:23:33','2017-06-12 18:23:33',NULL),(459,1,261,112,'2017-06-12 18:24:14','2017-06-12 18:24:14',NULL),(460,1,261,110,'2017-06-12 18:24:14','2017-06-12 18:24:14',NULL),(461,1,261,114,'2017-06-12 18:24:14','2017-06-12 18:24:14',NULL),(462,1,262,61,'2017-06-12 18:24:43','2017-06-12 18:24:43',NULL),(463,1,262,70,'2017-06-12 18:24:43','2017-06-12 18:24:43',NULL),(464,1,262,113,'2017-06-12 18:24:43','2017-06-12 18:24:43',NULL),(465,1,263,11,'2017-06-12 18:25:22','2017-06-12 18:25:22',NULL),(466,1,263,66,'2017-06-12 18:25:22','2017-06-12 18:25:22',NULL),(467,1,263,112,'2017-06-12 18:25:22','2017-06-12 18:25:22',NULL);
/*!40000 ALTER TABLE `member_reservations` ENABLE KEYS */;
UNLOCK TABLES;

--
-- Table structure for table `members`
--

DROP TABLE IF EXISTS `members`;
/*!40101 SET @saved_cs_client     = @@character_set_client */;
/*!40101 SET character_set_client = utf8 */;
CREATE TABLE `members` (
  `id` int(10) unsigned NOT NULL AUTO_INCREMENT,
  `name` varchar(50) NOT NULL,
  `last_name` varchar(50) NOT NULL,
  `identity_card` varchar(10) NOT NULL,
  `sex` enum('Femenino','Masculino') NOT NULL DEFAULT 'Femenino',
  `number_action` varchar(20) NOT NULL,
  `phone` varchar(20) NOT NULL,
  `handicap` double(8,1) DEFAULT NULL,
  `enabled` tinyint(4) NOT NULL DEFAULT '1',
  `club_id` int(10) unsigned DEFAULT NULL,
  `user_id` int(10) unsigned NOT NULL,
  `created_at` timestamp NULL DEFAULT NULL,
  `updated_at` timestamp NULL DEFAULT NULL,
  `deleted_at` timestamp NULL DEFAULT NULL,
  PRIMARY KEY (`id`),
  KEY `members_user_id_index` (`user_id`),
  KEY `members_club_id_index` (`club_id`),
  CONSTRAINT `members_club_id_foreign` FOREIGN KEY (`club_id`) REFERENCES `clubs` (`id`) ON DELETE CASCADE ON UPDATE SET NULL,
  CONSTRAINT `members_user_id_foreign` FOREIGN KEY (`user_id`) REFERENCES `users` (`id`) ON DELETE CASCADE ON UPDATE CASCADE
) ENGINE=InnoDB AUTO_INCREMENT=120 DEFAULT CHARSET=utf8;
/*!40101 SET character_set_client = @saved_cs_client */;

--
-- Dumping data for table `members`
--

LOCK TABLES `members` WRITE;
/*!40000 ALTER TABLE `members` DISABLE KEYS */;
INSERT INTO `members` VALUES (1,'Jota','Diaz','3111321','Masculino','48865194','+34 939-852312',28.3,1,NULL,7,'2017-03-30 16:36:06','2017-06-14 00:48:26',NULL),(2,'Blanca','Macías','23136654','Femenino','55246357','+34 664 71 0129',27.0,1,NULL,8,'2017-03-30 16:36:06','2017-06-14 00:48:26',NULL),(3,'Nuria','Águilar','78724806','Masculino','73245950','+34 949-210484',21.0,1,NULL,9,'2017-03-30 16:36:06','2017-06-14 02:09:59',NULL),(4,'Victoria','Sierra','70182984','Masculino','87563608','+34 670 936693',27.9,1,NULL,10,'2017-03-30 16:36:06','2017-06-14 00:48:24',NULL),(5,'Nil','Pantoja','65528790','Masculino','72454724','+34 919 750215',24.0,1,NULL,11,'2017-03-30 16:36:06','2017-06-14 02:10:01',NULL),(6,'Pau','Rendón','73476640','Masculino','24350529','+34 989 024572',25.5,1,NULL,12,'2017-03-30 16:36:06','2017-06-14 02:10:01',NULL),(7,'Gabriel','Mateos','44388799','Femenino','67966189','+34 630-65-4062',21.0,1,NULL,13,'2017-03-30 16:36:06','2017-06-14 00:48:25',NULL),(8,'Ane','Mena','71141959','Masculino','27574714','+34 629 279361',22.0,1,NULL,14,'2017-03-30 16:36:06','2017-06-14 02:10:01',NULL),(9,'Helena','Granados2','50184018','Femenino','64493700','996-400400',33.0,1,NULL,15,'2017-03-30 16:36:06','2017-06-14 00:48:26',NULL),(10,'Santiago','Casas','34688619','Masculino','80337264','629890091',34.0,1,NULL,16,'2017-03-30 16:36:06','2017-06-14 02:09:59',NULL),(11,'Jose','Urbina','25649','Femenino','61257355','+34 651 61 2639',25.1,1,NULL,17,'2017-03-30 16:36:06','2017-06-13 22:40:38',NULL),(48,'Olivia','Varela','6505287','Masculino','26042641','+34 633 125943',26.0,1,NULL,6,'2017-03-24 21:32:45','2017-06-14 00:48:26',NULL),(61,'Luna','Abeyta','35620440','Femenino','3103345','+34 963-66-8558',29.9,1,NULL,18,'2017-04-17 19:45:34','2017-06-14 02:10:01',NULL),(62,'Diana','Delapaz','49092889','Masculino','45273246','+34 987 944087',23.8,1,NULL,19,'2017-04-17 19:45:34','2017-06-14 00:48:26',NULL),(63,'Pol','Conde','4234234','Masculino','16000635','658 72 6943',31.9,1,NULL,20,'2017-04-17 19:45:34','2017-06-14 02:09:59',NULL),(64,'Jose','Urbina','22534111','Femenino','4793393','936-68-6808',26.0,1,NULL,21,'2017-04-17 19:45:34','2017-06-14 02:10:01',NULL),(65,'Samuel','Roybal','9865754','Femenino','65478','926453820',NULL,0,NULL,22,'2017-04-17 19:45:34','2017-06-14 00:48:25',NULL),(66,'Erika','Sauceda','44550481','Femenino','13491535','685 811966',24.0,1,NULL,23,'2017-04-17 19:45:34','2017-06-13 22:41:51',NULL),(67,'Alex','Baca','98529284','Masculino','65427328','958 97 9843',NULL,0,NULL,24,'2017-04-17 19:45:34','2017-06-14 00:48:26',NULL),(68,'Noelia','Guardado','25471010','Masculino','40356739','+34 605 907540',20.6,1,NULL,25,'2017-04-17 19:45:34','2017-06-14 02:10:01',NULL),(69,'Ane','Escobedo','31111771','Femenino','91212128','673 712926',30.2,1,NULL,26,'2017-04-17 19:45:34','2017-06-14 02:10:01',NULL),(70,'Nayara','Rodríguez','64544872','Femenino','43904946','+34 608-353407',23.2,0,NULL,27,'2017-04-17 19:45:34','2017-06-13 22:41:51',NULL),(71,'Liliana','Crespin','11111111','Femenino','22222','02129638512',NULL,1,NULL,28,'2017-05-04 18:43:17','2017-06-14 02:10:01',NULL),(72,'SER','SER','123456','Masculino','21233','1211 212-12-12',NULL,1,NULL,50,'2017-06-01 01:53:59','2017-06-14 02:09:59',NULL),(73,'SR2','SER','987654','Masculino','12345','1234 555-55-55',NULL,1,NULL,51,'2017-06-01 02:12:59','2017-06-14 02:10:02',NULL),(74,'MMM','MMM','19649560','Femenino','123456','1234 566-66-66',NULL,1,NULL,52,'2017-06-01 02:14:12','2017-06-14 02:10:02',NULL),(78,'xxx','XXXX','852456','Masculino','1234','5212 221-21-12',NULL,1,NULL,56,'2017-06-01 02:17:29','2017-06-14 00:48:26',NULL),(80,'Sermar','Ruiz','19649530','Femenino','1234','1234 555-55-55',NULL,1,NULL,58,'2017-06-01 02:24:18','2017-06-14 02:09:59',NULL),(81,'Nombre','Apellido','951753','Femenino','9876','8989 898-98-98',NULL,1,NULL,59,'2017-06-01 02:26:24','2017-06-14 02:10:02',NULL),(82,'Miguel','Urbina00','852951','Masculino','1234','1235 454-54-54',NULL,1,NULL,60,'2017-06-01 02:28:27','2017-06-14 02:10:02',NULL),(83,'sddsds','hjjkjkj','65578787','Femenino','2542121','1212 112-12-12',NULL,1,NULL,61,'2017-06-01 02:29:49','2017-06-14 02:10:02',NULL),(84,'judiel','reyes','21424985','Femenino','12313213','4166 331-34-6',24.0,1,NULL,62,'2017-06-01 02:35:19','2017-06-14 00:48:25',NULL),(91,'Prueba 4','Prueba 4','44444444','Masculino','44444','4444 444-44-44',NULL,1,NULL,69,'2017-06-01 17:16:19','2017-06-14 02:09:59',NULL),(92,'Prueba 5','Prueba 5','55555555','Masculino','5555','5555 555-55-55',NULL,1,NULL,70,'2017-06-01 17:17:36','2017-06-14 02:10:02',NULL),(93,'Prueba 6','Prueba 6','66666666','Masculino','6666','6666 666-66-66',NULL,1,NULL,71,'2017-06-01 17:19:15','2017-06-14 02:10:02',NULL),(94,'smu@dementecreativo.com','www','112233','Masculino','123456','0212 563-14-55',NULL,1,NULL,72,'2017-06-01 17:15:15','2017-06-14 02:09:59',NULL),(97,'zmu@dementecreativo.com','wwww','11223344','Masculino','6549871','0212 589-74-52',NULL,1,NULL,76,'2017-06-01 17:19:13','2017-06-14 02:09:59',NULL),(99,'qmu@dementecreativo.com','zzz','99877','Femenino','121212','0212 856-74-85',NULL,1,NULL,78,'2017-06-01 17:24:59','2017-06-14 02:09:59',NULL),(105,'Prueba 7','Prueba 7','77777777','Femenino','7777','7777 777-77-77',NULL,1,NULL,84,'2017-06-01 17:40:53','2017-06-14 02:09:59',NULL),(107,'Francis','Quintero','965874','Masculino','321587','0212 589-56-32',NULL,1,NULL,86,'2017-06-01 17:46:15','2017-06-14 02:10:02',NULL),(108,'Prueba 8','Prueba 8','88888888','Femenino','8888','8888 888-88-88',NULL,1,NULL,87,'2017-06-01 18:11:18','2017-06-14 02:10:02',NULL),(110,'Prueba 9','Prueba 9','99999999','Masculino','99999999','9999 999-99-99',NULL,0,NULL,90,'2017-06-01 18:25:18','2017-06-14 02:09:59',NULL),(111,'Carlos E','Crespo P','15394832','Masculino','99999999','5555 555-55-55',NULL,1,NULL,91,'2017-06-01 18:26:53','2017-06-05 19:58:28','2017-06-05 19:58:28'),(112,'jogli','torres flores','11442255','Masculino','65467','0414 856-12-47',NULL,1,NULL,92,'2017-06-01 19:21:59','2017-06-14 00:48:25',NULL),(113,'pedro','torres','12414093','Femenino','78754654','0414 227-94-45',NULL,1,NULL,93,'2017-06-01 20:14:27','2017-06-14 02:10:02',NULL),(114,'Prueba 10','Prueba 10','10101010','Masculino','1010101','1010 101-01-01',NULL,0,NULL,94,'2017-06-01 21:20:23','2017-06-14 02:10:02',NULL),(115,'Prueba 11','Prueba 11','01111111','Masculino','01111111','1111 111-11-11',NULL,0,NULL,95,'2017-06-01 21:44:36','2017-06-14 02:09:59',NULL),(116,'Pedro','Torres','12414930','Masculino','65844','04142279462',NULL,0,NULL,96,'2017-06-05 18:46:48','2017-06-14 02:10:00',NULL),(117,'Carlos E','Crespo P','15394833','Masculino','99999999','9999 999-99-99',NULL,1,NULL,97,'2017-06-05 21:07:12','2017-06-05 21:08:03','2017-06-05 21:08:03'),(118,'FGgfd','fggfdfggf','32343443','Femenino','23232323','1212 121-21',NULL,1,NULL,98,'2017-06-07 19:46:26','2017-06-09 01:36:23','2017-06-09 01:36:23'),(119,'judiel','prueba','22556555','Femenino','51653','0416 633-12-46',22.0,1,NULL,99,'2017-06-13 22:37:04','2017-06-14 02:10:02',NULL);
/*!40000 ALTER TABLE `members` ENABLE KEYS */;
UNLOCK TABLES;

--
-- Table structure for table `migrations`
--

DROP TABLE IF EXISTS `migrations`;
/*!40101 SET @saved_cs_client     = @@character_set_client */;
/*!40101 SET character_set_client = utf8 */;
CREATE TABLE `migrations` (
  `id` int(10) unsigned NOT NULL AUTO_INCREMENT,
  `migration` varchar(255) NOT NULL,
  `batch` int(11) NOT NULL,
  PRIMARY KEY (`id`)
) ENGINE=InnoDB AUTO_INCREMENT=170 DEFAULT CHARSET=utf8;
/*!40101 SET character_set_client = @saved_cs_client */;

--
-- Dumping data for table `migrations`
--

LOCK TABLES `migrations` WRITE;
/*!40000 ALTER TABLE `migrations` DISABLE KEYS */;
INSERT INTO `migrations` VALUES (1,'2014_10_11_000000_create_roles_table',1),(2,'2014_10_12_000000_create_users_table',1),(3,'2014_10_12_100000_create_password_resets_table',1),(4,'2017_02_13_140935_create_members_table',1),(5,'2017_02_13_142322_create_draws_table',1),(6,'2017_02_13_143707_create_day_draws_table',1),(7,'2017_02_13_153707_create_time_draws_table',1),(114,'2017_02_13_155638_create_partners_table',1),(115,'2017_02_13_160050_create_reservations_table',1),(116,'2017_02_13_160058_create_member_reservations_table',1),(117,'2017_02_13_160108_create_partner_reservations_table',1),(118,'2017_02_13_160929_create_draw_reservations_table',1),(119,'2017_02_15_192549_create_teacher_table',1),(120,'2017_02_15_192935_create_group_table',1),(121,'2017_02_15_194153_create_period_table',1),(122,'2017_02_15_195214_create_student_table',1),(123,'2017_02_15_195829_create_monthly_payment_table',1),(124,'2017_02_15_200054_create_payment_table',1),(125,'2017_02_16_204746_receipt_payment_nullable_reservations_table',1),(126,'2017_02_21_125754_create_modalities_table',1),(127,'2017_02_21_134043_add_handicap_to_members_table',1),(128,'2017_02_21_134100_add_handicap_to_partners_table',1),(129,'2017_02_21_140252_create_start_times_table',1),(130,'2017_02_21_140515_create_tournaments_table',1),(131,'2017_02_21_140638_create_categories_table',1),(132,'2017_02_21_140715_create_tournament_categories_table',1),(133,'2017_02_21_144923_create_participant_tournament_categories_table',1),(134,'2017_02_23_191332_create_company_table',1),(135,'2017_02_23_201811_create_reservation_definitions_table',1),(136,'2017_02_23_201908_add_fk_reservation_definitions_reservations_table',1),(137,'2017_02_23_210333_add_total_green_fee_reservations_table',1),(138,'2017_02_24_125232_create_tournament_inscription_members_table',1),(139,'2017_02_24_142502_create_services_table',1),(140,'2017_02_24_144258_create_tournament_inscription_partners_table',1),(141,'2017_03_06_142535_create_golf_courses_table',1),(142,'2017_03_07_155412_add_fk_draw_day_draw_table',1),(143,'2017_03_09_194735_add_status_reservations_table',1),(144,'2017_03_10_165913_change_fk_member_id_to_user_id_reservations_table',1),(145,'2017_03_13_213602_create_list_drawns_table',1),(146,'2017_03_14_101803_add_draw_status_to_day_draws_table',1),(147,'2017_03_14_103716_add_draw_status_to_draws_table',1),(148,'2017_03_14_150238_alter_tournaments_categories_table',1),(149,'2017_03_15_131653_create_clubs_table',1),(150,'2017_03_15_134418_create_transaction_status_table',1),(151,'2017_03_15_134549_create_products_table',1),(152,'2017_03_15_134623_create_type_payments_table',1),(153,'2017_03_15_141829_create_transactions_table',1),(154,'2017_03_15_142013_add_exonerated_partners_table',1),(155,'2017_03_15_152438_add_club_id_partners_table',1),(156,'2017_03_15_152454_add_club_id_members_table',1),(157,'2017_03_16_152516_add_exonerated_green_fee_partner_reservations_table',1),(160,'2017_04_27_150345_create_lockers_table',2),(161,'2017_04_27_154032_create_locker_loans_table',2),(164,'2017_02_15_192734_create_payment_plans_table',3),(165,'2017_02_15_195314_create_registration_table',4),(166,'2017_05_30_180711_create_green_fees_table',5),(167,'2017_06_01_180138_create_green_reservations_table',6),(168,'2017_06_01_181454_alter_table_reservations',7),(169,'2017_06_02_191449_create_table_tournament_category',8);
/*!40000 ALTER TABLE `migrations` ENABLE KEYS */;
UNLOCK TABLES;

--
-- Table structure for table `modalities`
--

DROP TABLE IF EXISTS `modalities`;
/*!40101 SET @saved_cs_client     = @@character_set_client */;
/*!40101 SET character_set_client = utf8 */;
CREATE TABLE `modalities` (
  `id` int(10) unsigned NOT NULL AUTO_INCREMENT,
  `name` varchar(50) NOT NULL,
  `enabled` tinyint(4) NOT NULL DEFAULT '1',
  `created_at` timestamp NULL DEFAULT NULL,
  `updated_at` timestamp NULL DEFAULT NULL,
  `deleted_at` timestamp NULL DEFAULT NULL,
  PRIMARY KEY (`id`)
) ENGINE=InnoDB DEFAULT CHARSET=utf8;
/*!40101 SET character_set_client = @saved_cs_client */;

--
-- Dumping data for table `modalities`
--

LOCK TABLES `modalities` WRITE;
/*!40000 ALTER TABLE `modalities` DISABLE KEYS */;
/*!40000 ALTER TABLE `modalities` ENABLE KEYS */;
UNLOCK TABLES;

--
-- Table structure for table `monthly_payments`
--

DROP TABLE IF EXISTS `monthly_payments`;
/*!40101 SET @saved_cs_client     = @@character_set_client */;
/*!40101 SET character_set_client = utf8 */;
CREATE TABLE `monthly_payments` (
  `id` int(10) unsigned NOT NULL AUTO_INCREMENT,
  `number_receipt` varchar(255) NOT NULL,
  `amount` float(8,2) NOT NULL,
  `observation` varchar(255) NOT NULL,
  `date_payment` varchar(255) NOT NULL,
  `method_payment` varchar(255) NOT NULL,
  `enabled` tinyint(4) NOT NULL DEFAULT '1',
  `member_id` int(10) unsigned NOT NULL,
  `student_id` int(10) unsigned NOT NULL,
  `period_id` int(10) unsigned NOT NULL,
  `created_at` timestamp NULL DEFAULT NULL,
  `updated_at` timestamp NULL DEFAULT NULL,
  `deleted_at` timestamp NULL DEFAULT NULL,
  PRIMARY KEY (`id`),
  KEY `monthly_payments_partner_id_index` (`member_id`),
  KEY `monthly_payments_student_id_index` (`student_id`),
  KEY `monthly_payments_period_id_index` (`period_id`)
) ENGINE=InnoDB AUTO_INCREMENT=27 DEFAULT CHARSET=utf8;
/*!40101 SET character_set_client = @saved_cs_client */;

--
-- Dumping data for table `monthly_payments`
--

LOCK TABLES `monthly_payments` WRITE;
/*!40000 ALTER TABLE `monthly_payments` DISABLE KEYS */;
INSERT INTO `monthly_payments` VALUES (1,'132323',900000.00,'Observación','14-06-2017','Método',1,67,1,1,'2017-06-06 22:39:47','2017-06-06 22:39:47',NULL),(2,'323223',900000.00,'Observación','14-06-2017','Método',1,67,1,1,'2017-06-06 22:41:08','2017-06-06 22:41:08',NULL),(3,'434343',343444.00,'dggf','13-06-2017','dfgdffggdg',1,3,2,1,'2017-06-13 23:20:20','2017-06-14 00:14:10','2017-06-14 00:14:10'),(4,'434343',343444.00,'dggf','13-06-2017','dfgdffggdg',1,3,2,1,'2017-06-13 23:20:56','2017-06-13 23:20:56',NULL),(5,'434343',343444.00,'dggf','13-06-2017','dfgdffggdg',1,3,2,1,'2017-06-13 23:21:49','2017-06-13 23:21:49',NULL),(6,'4344',444444.00,'gdggf','14-06-2017','fdgfdfg',1,66,1,1,'2017-06-13 23:35:50','2017-06-13 23:35:50',NULL),(7,'4344',444444.00,'gdggf','14-06-2017','fdgfdfg',1,66,1,1,'2017-06-13 23:36:07','2017-06-13 23:36:07',NULL),(8,'4434',344334.00,'gdgfgfd','13-06-2017','fdgffdfd',1,66,2,1,'2017-06-13 23:36:22','2017-06-13 23:36:22',NULL),(9,'3334',434344.00,'dfgfd','13-06-2017','gdgfgfd',1,66,2,1,'2017-06-13 23:36:48','2017-06-13 23:36:48',NULL),(10,'3334',434344.00,'dfgfd','13-06-2017','gdgfgfd',1,66,2,1,'2017-06-13 23:37:02','2017-06-13 23:37:02',NULL),(11,'434343',344334.00,'fgfhggg','13-06-2017','gfgfgfhfg',1,64,2,1,'2017-06-13 23:37:18','2017-06-13 23:37:18',NULL),(12,'54454554',554545.00,'dfggfgd','13-06-2017','dggfd',1,66,2,1,'2017-06-13 23:38:03','2017-06-13 23:38:03',NULL),(13,'5445',12345.00,'54fghfghffg','13-06-2017','fghhffg',1,66,1,1,'2017-06-13 23:38:21','2017-06-13 23:38:21',NULL),(14,'5445',12345.00,'54fghfghffg','13-06-2017','fghhffg',1,66,1,1,'2017-06-13 23:38:45','2017-06-13 23:38:45',NULL),(15,'4443',4344.00,'gddgfggd','13-06-2017','dfgddfdf',1,66,1,1,'2017-06-13 23:39:00','2017-06-13 23:39:00',NULL),(16,'4444',4444.00,'dfgfdggf','13-06-2017','dfgdfdgd',1,65,1,1,'2017-06-13 23:40:04','2017-06-13 23:40:04',NULL),(17,'44',4444.00,'dfdfsdsf','13-06-2017','sdffdsfd',1,65,1,1,'2017-06-13 23:41:14','2017-06-13 23:41:14',NULL),(18,'44',4444.00,'dfdfsdsf','13-06-2017','sdffdsfd',1,65,1,1,'2017-06-13 23:42:51','2017-06-13 23:42:51',NULL),(19,'44',4444.00,'dfdfsdsf','13-06-2017','sdffdsfd',1,65,1,1,'2017-06-13 23:44:05','2017-06-13 23:44:05',NULL),(20,'44',4444.00,'dfdfsdsf','13-06-2017','sdffdsfd',1,65,1,1,'2017-06-13 23:44:39','2017-06-13 23:44:39',NULL),(21,'4343443',443435.00,'dfgfddfg','13-06-2017','fffgdff',1,65,1,1,'2017-06-13 23:46:33','2017-06-13 23:46:33',NULL),(22,'12232322',56565.00,'xxxx','14-06-2017','xxxx',1,66,2,1,'2017-06-13 23:47:06','2017-06-13 23:47:06',NULL),(23,'4444444444',44444.00,'dffgdgf','13-06-2017','fdggdgd',1,2,1,1,'2017-06-13 23:48:55','2017-06-13 23:48:55',NULL),(24,'4343',434334.00,'ddsfdfds','13-06-2017','sdfdsf',1,67,2,1,'2017-06-13 23:49:28','2017-06-13 23:49:28',NULL),(25,'444',4444.00,'dfgdgfdggdgd','13-06-2017','dfgfdgd',1,3,2,1,'2017-06-13 23:50:19','2017-06-13 23:50:19',NULL),(26,'43343443',43434.00,'fgdfgffgdfdg','14-06-2017','fdgffdggdf',1,65,2,5,'2017-06-14 17:08:41','2017-06-14 17:08:41',NULL);
/*!40000 ALTER TABLE `monthly_payments` ENABLE KEYS */;
UNLOCK TABLES;

--
-- Table structure for table `participant_tournament_categories`
--

DROP TABLE IF EXISTS `participant_tournament_categories`;
/*!40101 SET @saved_cs_client     = @@character_set_client */;
/*!40101 SET character_set_client = utf8 */;
CREATE TABLE `participant_tournament_categories` (
  `id` int(10) unsigned NOT NULL AUTO_INCREMENT,
  `order` tinyint(4) DEFAULT NULL,
  `status` enum('Aprobado','En espera','Excluido') NOT NULL,
  `enabled` tinyint(4) NOT NULL DEFAULT '1',
  `participant_id` int(10) unsigned NOT NULL,
  `category_id` int(10) unsigned NOT NULL,
  `created_at` timestamp NULL DEFAULT NULL,
  `updated_at` timestamp NULL DEFAULT NULL,
  `deleted_at` timestamp NULL DEFAULT NULL,
  PRIMARY KEY (`id`),
  KEY `participant_tournament_categories_participant_id_index` (`participant_id`),
  KEY `participant_tournament_categories_category_id_index` (`category_id`)
) ENGINE=InnoDB DEFAULT CHARSET=utf8;
/*!40101 SET character_set_client = @saved_cs_client */;

--
-- Dumping data for table `participant_tournament_categories`
--

LOCK TABLES `participant_tournament_categories` WRITE;
/*!40000 ALTER TABLE `participant_tournament_categories` DISABLE KEYS */;
/*!40000 ALTER TABLE `participant_tournament_categories` ENABLE KEYS */;
UNLOCK TABLES;

--
-- Table structure for table `partner_reservations`
--

DROP TABLE IF EXISTS `partner_reservations`;
/*!40101 SET @saved_cs_client     = @@character_set_client */;
/*!40101 SET character_set_client = utf8 */;
CREATE TABLE `partner_reservations` (
  `id` int(10) unsigned NOT NULL AUTO_INCREMENT,
  `exonerated` tinyint(4) NOT NULL DEFAULT '0',
  `green_fee` double(8,2) NOT NULL DEFAULT '0.00',
  `enabled` tinyint(4) NOT NULL DEFAULT '1',
  `partner_id` int(10) unsigned NOT NULL,
  `reservation_id` int(10) unsigned NOT NULL,
  `created_at` timestamp NULL DEFAULT NULL,
  `updated_at` timestamp NULL DEFAULT NULL,
  `deleted_at` timestamp NULL DEFAULT NULL,
  PRIMARY KEY (`id`),
  KEY `partner_reservations_partner_id_index` (`partner_id`),
  KEY `partner_reservations_reservation_id_index` (`reservation_id`)
) ENGINE=InnoDB AUTO_INCREMENT=333 DEFAULT CHARSET=utf8;
/*!40101 SET character_set_client = @saved_cs_client */;

--
-- Dumping data for table `partner_reservations`
--

LOCK TABLES `partner_reservations` WRITE;
/*!40000 ALTER TABLE `partner_reservations` DISABLE KEYS */;
INSERT INTO `partner_reservations` VALUES (1,0,0.00,1,10,5,'2017-03-30 19:34:23','2017-03-30 19:34:23',NULL),(2,0,0.00,1,38,1,'2017-03-30 19:34:23','2017-03-30 19:34:23',NULL),(3,0,0.00,1,10,2,'2017-03-30 23:42:35','2017-03-30 23:42:35',NULL),(4,0,0.00,1,1,2,'2017-03-30 04:00:00','2017-03-30 04:00:00',NULL),(5,0,0.00,1,5,14,'2017-03-24 21:32:50',NULL,NULL),(6,0,0.00,1,15,24,'2017-03-24 21:32:50',NULL,NULL),(7,0,0.00,1,18,18,'2017-03-24 21:32:51',NULL,NULL),(8,0,0.00,1,8,19,'2017-03-24 21:32:51',NULL,NULL),(9,0,0.00,1,9,16,'2017-03-24 21:32:51',NULL,NULL),(10,0,0.00,1,11,18,'2017-03-24 21:32:51',NULL,NULL),(11,0,0.00,1,2,16,'2017-03-24 21:32:51',NULL,NULL),(12,0,0.00,1,14,15,'2017-03-25 00:39:37','2017-03-25 00:39:37',NULL),(13,0,0.00,1,15,29,'2017-03-25 00:50:15','2017-03-25 00:50:15',NULL),(14,0,0.00,1,11,30,'2017-03-25 00:50:56','2017-03-25 00:50:56',NULL),(15,0,0.00,1,15,30,'2017-03-25 00:50:56','2017-03-25 00:50:56',NULL),(16,0,0.00,1,4,33,'2017-03-25 00:52:09','2017-03-25 00:52:09',NULL),(17,0,0.00,1,9,6,'2017-03-25 00:52:09','2017-03-25 00:52:09',NULL),(18,0,0.00,1,5,7,'2017-03-27 22:23:24','2017-03-27 22:23:24',NULL),(19,0,0.00,1,1,50,'2017-03-27 22:28:08','2017-03-27 22:28:08',NULL),(20,0,0.00,1,1,54,'2017-03-27 22:30:12','2017-03-27 22:30:12',NULL),(21,0,0.00,1,6,55,'2017-03-27 22:34:23','2017-03-27 22:34:23',NULL),(22,0,0.00,1,1,56,'2017-03-28 00:44:51','2017-03-28 00:44:51',NULL),(23,0,0.00,1,3,57,'2017-03-28 00:58:12','2017-03-28 00:58:12',NULL),(24,0,0.00,1,6,57,'2017-03-28 00:58:12','2017-03-28 00:58:12',NULL),(25,0,0.00,1,14,58,'2017-03-29 21:25:23','2017-03-29 21:25:23',NULL),(26,0,0.00,1,14,59,'2017-03-29 21:47:12','2017-03-29 21:47:12',NULL),(27,0,0.00,1,5,8,'2017-03-30 16:09:16','2017-03-30 16:09:16',NULL),(28,0,0.00,1,4,26,'2017-03-30 17:22:47','2017-03-30 17:22:47',NULL),(29,0,0.00,1,21,25,'2017-03-30 17:22:47','2017-03-30 17:22:47',NULL),(30,0,0.00,1,3,28,'2017-04-01 00:26:51','2017-04-01 00:26:51',NULL),(31,0,0.00,1,9,26,'2017-04-01 00:26:51','2017-04-01 00:26:51',NULL),(32,0,0.00,1,2,29,'2017-04-01 00:27:48','2017-04-01 00:27:48',NULL),(33,0,0.00,1,7,27,'2017-04-01 00:27:48','2017-04-01 00:27:48',NULL),(34,0,0.00,1,15,20,'2017-03-30 04:00:00','2017-03-30 04:00:00',NULL),(35,0,0.00,1,5,17,'2017-03-30 04:00:00','2017-03-30 04:00:00',NULL),(36,0,0.00,1,9,21,'2017-03-30 04:00:00','2017-03-30 04:00:00',NULL),(37,0,0.00,1,16,20,'2017-03-30 04:00:00','2017-03-30 04:00:00',NULL),(38,0,0.00,1,1,22,'2017-03-30 04:00:00','2017-03-30 04:00:00',NULL),(39,0,0.00,1,6,1,'2017-03-30 04:00:00','2017-03-30 04:00:00',NULL),(40,0,0.00,1,6,23,'2017-03-30 04:00:00','2017-03-30 04:00:00',NULL),(41,0,0.00,1,2,3,'2017-03-31 01:26:00','2017-03-31 01:26:00',NULL),(42,0,0.00,1,10,3,'2017-03-31 01:26:00','2017-03-31 01:26:00',NULL),(43,0,0.00,1,1,4,'2017-03-31 19:52:31','2017-03-31 19:52:31',NULL),(44,0,0.00,1,11,6,'2017-03-31 19:54:51','2017-03-31 19:54:51',NULL),(45,0,0.00,1,3,7,'2017-03-31 21:07:05','2017-03-31 21:07:05',NULL),(46,0,0.00,1,5,8,'2017-03-31 21:08:08','2017-03-31 21:08:08',NULL),(47,0,0.00,1,3,9,'2017-03-31 21:08:41','2017-03-31 21:08:41',NULL),(48,0,0.00,1,3,10,'2017-03-31 21:09:26','2017-03-31 21:09:26',NULL),(49,0,0.00,1,13,10,'2017-03-31 21:09:26','2017-03-31 21:09:26',NULL),(50,0,0.00,1,22,11,'2017-03-31 23:26:36','2017-03-31 23:26:36',NULL),(51,0,0.00,1,57,11,'2017-03-31 23:26:36','2017-03-31 23:26:36',NULL),(52,0,0.00,1,6,12,'2017-03-31 23:26:57','2017-03-31 23:26:57',NULL),(53,0,0.00,1,6,13,'2017-03-31 23:27:48','2017-03-31 23:27:48',NULL),(54,0,0.00,1,1,33,'2017-04-03 16:58:13','2017-04-03 16:58:13',NULL),(55,0,0.00,1,5,34,'2017-04-03 16:58:47','2017-04-03 16:58:47',NULL),(56,0,0.00,1,23,34,'2017-04-03 16:58:47','2017-04-03 16:58:47',NULL),(57,0,0.00,1,4,35,'2017-04-03 17:03:18','2017-04-03 17:03:18',NULL),(58,0,0.00,1,8,35,'2017-04-03 17:03:18','2017-04-03 17:03:18',NULL),(59,0,0.00,1,445,38,'2017-05-04 19:24:14','2017-05-04 19:24:14',NULL),(60,0,0.00,1,445,39,'2017-05-04 19:24:53','2017-05-04 19:24:53',NULL),(61,0,0.00,1,446,40,'2017-05-04 19:26:47','2017-05-04 19:26:47',NULL),(62,0,0.00,1,446,41,'2017-05-04 19:27:02','2017-05-04 19:27:02',NULL),(63,0,0.00,1,447,42,'2017-05-04 19:27:55','2017-05-04 19:27:55',NULL),(64,0,0.00,1,447,43,'2017-05-04 19:28:18','2017-05-04 19:28:18',NULL),(65,0,0.00,1,65,55,'2017-05-06 01:30:54','2017-05-06 01:30:54',NULL),(66,0,0.00,1,1,57,'2017-05-29 21:39:42','2017-05-29 21:39:42',NULL),(67,0,0.00,1,1,58,'2017-05-30 16:47:56','2017-05-30 16:47:56',NULL),(68,0,0.00,1,3,61,'2017-05-31 01:00:35','2017-05-31 01:00:35',NULL),(69,0,0.00,1,2,62,'2017-05-31 01:00:50','2017-05-31 01:00:50',NULL),(70,0,0.00,1,4,63,'2017-05-31 02:26:45','2017-05-31 02:26:45',NULL),(71,0,0.00,1,1,63,'2017-05-31 02:26:45','2017-05-31 02:26:45',NULL),(72,0,0.00,1,2,65,'2017-05-31 18:13:16','2017-05-31 18:13:16',NULL),(73,0,0.00,1,2,66,'2017-05-31 19:00:49','2017-05-31 19:00:49',NULL),(74,0,0.00,1,4,67,'2017-05-31 19:05:24','2017-05-31 19:05:24',NULL),(75,0,0.00,1,1,68,'2017-05-31 19:44:40','2017-05-31 19:44:40',NULL),(76,0,0.00,1,1,69,'2017-05-31 19:50:17','2017-05-31 19:50:17',NULL),(77,0,0.00,1,1,70,'2017-05-31 19:51:31','2017-05-31 19:51:31',NULL),(78,0,0.00,1,1,71,'2017-05-31 21:30:25','2017-05-31 21:30:25',NULL),(79,0,0.00,1,1,72,'2017-05-31 21:31:23','2017-05-31 21:31:23',NULL),(80,0,0.00,1,1,73,'2017-05-31 22:32:40','2017-05-31 22:32:40',NULL),(81,0,0.00,1,4,74,'2017-06-01 01:02:49','2017-06-01 01:02:49',NULL),(82,0,0.00,1,3,75,'2017-06-01 01:04:52','2017-06-01 01:04:52',NULL),(83,0,0.00,1,3,76,'2017-06-01 02:24:07','2017-06-01 02:24:07',NULL),(84,0,0.00,1,2,77,'2017-06-01 02:45:58','2017-06-01 02:45:58',NULL),(85,0,0.00,1,3,77,'2017-06-01 02:45:58','2017-06-01 02:45:58',NULL),(86,0,0.00,1,2,78,'2017-06-01 17:41:54','2017-06-01 17:41:54',NULL),(87,0,0.00,1,2,79,'2017-06-01 17:57:33','2017-06-01 17:57:33',NULL),(88,0,0.00,1,450,80,'2017-06-01 18:01:51','2017-06-01 18:01:51',NULL),(89,0,0.00,1,2,81,'2017-06-01 19:34:23','2017-06-01 19:34:23',NULL),(90,0,0.00,1,2,82,'2017-06-01 20:15:43','2017-06-01 20:15:43',NULL),(91,0,0.00,1,2,83,'2017-06-01 20:50:17','2017-06-01 20:50:17',NULL),(92,0,0.00,1,450,84,'2017-06-01 21:04:08','2017-06-01 21:04:08',NULL),(93,0,0.00,1,2,87,'2017-06-01 23:07:11','2017-06-01 23:07:11',NULL),(95,0,0.00,1,4,93,'2017-06-02 00:55:12','2017-06-02 00:55:12',NULL),(96,0,0.00,1,4,94,'2017-06-02 00:58:28','2017-06-02 00:58:28',NULL),(97,0,0.00,1,4,95,'2017-06-02 00:58:33','2017-06-02 00:58:33',NULL),(98,0,0.00,1,12,96,'2017-06-02 01:02:36','2017-06-02 01:02:36',NULL),(99,0,0.00,1,18,104,'2017-06-02 18:01:40','2017-06-02 18:01:40',NULL),(100,0,0.00,1,4,105,'2017-06-02 18:09:03','2017-06-02 18:09:03',NULL),(101,0,0.00,1,4,107,'2017-06-02 19:36:58','2017-06-02 19:36:58',NULL),(102,0,0.00,1,2,108,'2017-06-02 21:30:53','2017-06-02 21:30:53',NULL),(103,0,0.00,1,3,108,'2017-06-02 21:30:53','2017-06-02 21:30:53',NULL),(104,0,0.00,1,4,108,'2017-06-02 21:30:53','2017-06-02 21:30:53',NULL),(121,0,0.00,1,3,117,'2017-06-02 22:41:27','2017-06-02 22:41:27',NULL),(122,0,0.00,1,5,117,'2017-06-02 22:41:27','2017-06-02 22:41:27',NULL),(123,0,0.00,1,3,119,'2017-06-02 22:52:29','2017-06-02 22:52:29',NULL),(124,0,0.00,1,5,119,'2017-06-02 22:52:29','2017-06-02 22:52:29',NULL),(125,0,0.00,1,1,120,'2017-06-02 23:00:03','2017-06-02 23:00:03',NULL),(126,0,0.00,1,15,120,'2017-06-02 23:00:03','2017-06-02 23:00:03',NULL),(127,0,0.00,1,14,121,'2017-06-02 23:03:08','2017-06-02 23:03:08',NULL),(128,0,0.00,1,29,121,'2017-06-02 23:03:08','2017-06-02 23:03:08',NULL),(129,0,0.00,1,3,122,'2017-06-02 23:46:20','2017-06-02 23:46:20',NULL),(130,0,0.00,1,5,122,'2017-06-02 23:46:20','2017-06-02 23:46:20',NULL),(131,0,0.00,1,3,123,'2017-06-02 23:47:59','2017-06-02 23:47:59',NULL),(132,0,0.00,1,12,123,'2017-06-02 23:47:59','2017-06-02 23:47:59',NULL),(133,0,0.00,1,4,124,'2017-06-02 23:49:59','2017-06-02 23:49:59',NULL),(134,0,0.00,1,2,125,'2017-06-02 23:51:02','2017-06-02 23:51:02',NULL),(137,0,0.00,1,1,127,'2017-06-03 00:11:39','2017-06-03 00:11:39',NULL),(138,0,0.00,1,12,127,'2017-06-03 00:11:39','2017-06-03 00:11:39',NULL),(139,0,0.00,1,22,127,'2017-06-03 00:11:39','2017-06-03 00:11:39',NULL),(140,0,0.00,1,35,127,'2017-06-03 00:11:39','2017-06-03 00:11:39',NULL),(141,0,0.00,1,2,128,'2017-06-03 00:17:41','2017-06-03 00:17:41',NULL),(142,0,0.00,1,3,128,'2017-06-03 00:17:41','2017-06-03 00:17:41',NULL),(143,0,0.00,1,7,128,'2017-06-03 00:17:41','2017-06-03 00:17:41',NULL),(144,0,0.00,1,17,128,'2017-06-03 00:17:41','2017-06-03 00:17:41',NULL),(145,0,0.00,1,3,129,'2017-06-03 00:18:46','2017-06-03 00:18:46',NULL),(146,0,0.00,1,9,129,'2017-06-03 00:18:46','2017-06-03 00:18:46',NULL),(147,0,0.00,1,15,129,'2017-06-03 00:18:46','2017-06-03 00:18:46',NULL),(148,0,0.00,1,25,129,'2017-06-03 00:18:46','2017-06-03 00:18:46',NULL),(149,0,0.00,1,2,130,'2017-06-03 00:20:18','2017-06-03 00:20:18',NULL),(150,0,0.00,1,4,130,'2017-06-03 00:20:18','2017-06-03 00:20:18',NULL),(151,0,0.00,1,12,130,'2017-06-03 00:20:18','2017-06-03 00:20:18',NULL),(152,0,0.00,1,22,130,'2017-06-03 00:20:18','2017-06-03 00:20:18',NULL),(276,0,0.00,1,450,192,'2017-06-05 16:52:57','2017-06-05 16:52:57',NULL),(277,0,0.00,1,453,192,'2017-06-05 16:52:57','2017-06-05 16:52:57',NULL),(278,0,0.00,1,2,193,'2017-06-05 17:26:04','2017-06-05 17:26:04',NULL),(279,0,0.00,1,5,193,'2017-06-05 17:26:04','2017-06-05 17:26:04',NULL),(280,0,0.00,1,1,193,'2017-06-05 17:26:04','2017-06-05 17:26:04',NULL),(281,0,0.00,1,2,194,'2017-06-05 17:32:22','2017-06-05 17:32:22',NULL),(282,0,0.00,1,9,194,'2017-06-05 17:32:22','2017-06-05 17:32:22',NULL),(283,0,0.00,1,12,194,'2017-06-05 17:32:22','2017-06-05 17:32:22',NULL),(284,0,0.00,1,3,195,'2017-06-05 17:35:09','2017-06-05 17:35:09',NULL),(285,0,0.00,1,11,90,'2017-06-05 17:35:09','2017-06-05 17:35:09',NULL),(286,0,0.00,1,23,90,'2017-06-05 17:35:09','2017-06-05 17:35:09',NULL),(288,0,0.00,1,14,196,'2017-06-05 17:36:46','2017-06-05 17:36:46',NULL),(289,0,0.00,1,27,196,'2017-06-05 17:36:46','2017-06-05 17:36:46',NULL),(290,0,0.00,1,46,196,'2017-06-05 17:36:46','2017-06-05 17:36:46',NULL),(291,0,0.00,1,18,205,'2017-06-05 18:17:59','2017-06-05 18:17:59',NULL),(292,0,0.00,1,61,205,'2017-06-05 18:17:59','2017-06-05 18:17:59',NULL),(293,0,0.00,1,61,206,'2017-06-05 18:29:31','2017-06-05 18:29:31',NULL),(294,0,0.00,1,18,211,'2017-06-05 19:05:00','2017-06-05 19:05:00',NULL),(295,0,0.00,1,61,211,'2017-06-05 19:05:00','2017-06-05 19:05:00',NULL),(302,0,0.00,1,18,216,'2017-06-05 19:42:33','2017-06-05 19:42:33',NULL),(303,0,0.00,1,444,100,'2017-06-05 19:42:33','2017-06-13 22:13:15',NULL),(304,0,0.00,1,22,217,'2017-06-05 19:44:21','2017-06-05 19:44:21',NULL),(305,0,0.00,1,61,217,'2017-06-05 19:44:21','2017-06-05 19:44:21',NULL),(306,0,0.00,1,2,218,'2017-06-05 22:46:56','2017-06-05 22:46:56',NULL),(307,0,0.00,1,2,226,'2017-06-06 20:11:01','2017-06-06 20:11:01',NULL),(308,0,0.00,1,2,236,'2017-06-06 22:49:46','2017-06-06 22:49:46',NULL),(309,0,0.00,1,3,236,'2017-06-06 22:49:46','2017-06-06 22:49:46',NULL),(310,0,0.00,1,9,237,'2017-06-06 22:52:53','2017-06-06 22:52:53',NULL),(311,0,0.00,1,11,237,'2017-06-06 22:52:53','2017-06-06 22:52:53',NULL),(312,0,0.00,1,2,238,'2017-06-07 00:34:34','2017-06-07 00:34:34',NULL),(321,0,0.00,1,18,250,'2017-06-07 18:46:16','2017-06-07 18:46:16',NULL),(322,0,0.00,1,452,251,'2017-06-07 19:11:29','2017-06-07 19:11:29',NULL),(323,0,0.00,1,3,252,'2017-06-12 17:48:33','2017-06-12 17:48:33',NULL),(324,0,0.00,1,443,254,'2017-06-12 18:11:07','2017-06-12 18:11:07',NULL),(325,0,0.00,1,61,255,'2017-06-12 18:12:00','2017-06-12 18:12:00',NULL),(326,0,0.00,1,18,257,'2017-06-12 18:14:03','2017-06-12 18:14:03',NULL),(327,0,0.00,1,452,258,'2017-06-12 18:14:37','2017-06-12 18:14:37',NULL),(328,0,0.00,1,18,259,'2017-06-12 18:23:04','2017-06-12 18:23:04',NULL),(329,0,0.00,1,61,260,'2017-06-12 18:23:33','2017-06-12 18:23:33',NULL),(330,0,0.00,1,444,261,'2017-06-12 18:24:14','2017-06-12 18:24:14',NULL),(331,0,0.00,1,63,262,'2017-06-12 18:24:43','2017-06-12 18:24:43',NULL),(332,0,0.00,1,70,263,'2017-06-12 18:25:22','2017-06-12 18:25:22',NULL);
/*!40000 ALTER TABLE `partner_reservations` ENABLE KEYS */;
UNLOCK TABLES;

--
-- Table structure for table `partners`
--

DROP TABLE IF EXISTS `partners`;
/*!40101 SET @saved_cs_client     = @@character_set_client */;
/*!40101 SET character_set_client = utf8 */;
CREATE TABLE `partners` (
  `id` int(10) unsigned NOT NULL AUTO_INCREMENT,
  `name` varchar(50) NOT NULL,
  `last_name` varchar(50) NOT NULL,
  `identity_card` varchar(10) NOT NULL,
  `sex` enum('Femenino','Masculino') NOT NULL DEFAULT 'Femenino',
  `email` varchar(255) NOT NULL,
  `phone` varchar(20) NOT NULL,
  `handicap` double(8,1) DEFAULT NULL,
  `exonerated` enum('No exonerado','Parcial','Total','Reservacion') DEFAULT NULL,
  `enabled` tinyint(4) NOT NULL DEFAULT '1',
  `club_id` int(10) unsigned DEFAULT NULL,
  `user_id` int(10) unsigned NOT NULL,
  `created_at` timestamp NULL DEFAULT NULL,
  `updated_at` timestamp NULL DEFAULT NULL,
  `deleted_at` timestamp NULL DEFAULT NULL,
  PRIMARY KEY (`id`),
  UNIQUE KEY `partners_email_unique` (`email`),
  KEY `partners_user_id_index` (`user_id`),
  KEY `partners_club_id_index` (`club_id`)
) ENGINE=InnoDB AUTO_INCREMENT=542 DEFAULT CHARSET=utf8;
/*!40101 SET character_set_client = @saved_cs_client */;

--
-- Dumping data for table `partners`
--

LOCK TABLES `partners` WRITE;
/*!40000 ALTER TABLE `partners` DISABLE KEYS */;
INSERT INTO `partners` VALUES (1,'Candela','Ojeda','49841062','Masculino','hmatos@gmail.com','+34 992 014344',NULL,'',1,4,7,'2017-03-30 16:45:04','2017-06-05 22:09:05',NULL),(2,'Mar','Andreu','26598236','Masculino','lorenzo.iria@figueroa.net','+34 624 770652',NULL,NULL,1,NULL,2,'2017-03-30 16:45:05',NULL,NULL),(3,'Victoria','Varela','41320949','Masculino','jorge.ros@terra.com','+34 674-05-7240',NULL,NULL,1,NULL,14,'2017-03-30 16:45:05',NULL,NULL),(4,'Lola','Salcido','97721664','Femenino','avillalobos@live.com','909 25 5118',NULL,NULL,1,NULL,16,'2017-03-30 16:45:05',NULL,NULL),(5,'Alvaro','González','75484522','Masculino','ivan.carreon@terra.com','903640767',NULL,NULL,1,NULL,14,'2017-03-30 16:45:05',NULL,NULL),(6,'Paola','Armas','35223976','Femenino','tcisneros@marin.es','967-045335',NULL,NULL,1,NULL,2,'2017-03-30 16:45:05',NULL,NULL),(7,'Joan','Bahena','89497528','Masculino','sergio.castillo@live.com','+34 652 50 3023',NULL,NULL,1,NULL,14,'2017-03-30 16:45:05',NULL,NULL),(8,'Adriana','Armijo','28568147','Femenino','jana.patino@roldan.com.es','922 175481',NULL,NULL,1,NULL,10,'2017-03-30 16:45:05',NULL,NULL),(9,'Carolina','Altamirano','43811514','Femenino','luna.ballesteros@marti.es','+34 978331765',NULL,NULL,1,NULL,12,'2017-03-30 16:45:05',NULL,NULL),(10,'Guillem','Palomino','52085135','Femenino','ssoliz@hotmail.es','+34 988-940244',NULL,NULL,1,NULL,7,'2017-03-30 16:45:05',NULL,NULL),(11,'Mario','Peralta','85226114','Masculino','collado.oliver@leon.org','610 90 9543',NULL,NULL,1,NULL,13,'2017-03-30 16:45:05',NULL,NULL),(12,'Aaron','Atencio','59217264','Masculino','vega.sanabria@terra.com','+34 630 55 3652',NULL,'',0,18,17,'2017-03-30 16:45:05','2017-06-12 18:59:42',NULL),(13,'Daniela','Pagan','98437521','Femenino','carmen41@gmail.com','+34 648788692',NULL,NULL,1,NULL,10,'2017-03-30 16:45:05',NULL,NULL),(14,'Blanca','Flórez','2253411','Femenino','valentina80@gamez.org','600 231095',NULL,NULL,1,NULL,16,'2017-03-30 16:45:05',NULL,NULL),(15,'Mara','Carranza','4890206','Femenino','daniela.venegas@hotmail.es','+34 943 43 3976',NULL,NULL,1,NULL,12,'2017-03-30 16:45:05',NULL,NULL),(16,'Aaron','Soriano','1042434','Femenino','aaron.duenas@latinmail.com','647830407',12.6,NULL,1,4,10,'2017-03-30 16:45:05','2017-06-08 01:04:15',NULL),(17,'Alicia','Cruz','70942919','Masculino','diana73@barreto.org','+34 621 92 0408',NULL,NULL,1,NULL,8,'2017-03-30 16:45:05',NULL,NULL),(18,'Nahia','Olivo','40418838','Femenino','noelia.rodarte@menendez.net','+34 674 02 6306',NULL,NULL,1,NULL,17,'2017-03-30 16:45:05',NULL,NULL),(19,'Gerard','Maya','95461891','Femenino','jose.ocampo@nunez.es','985 04 2862',NULL,NULL,1,NULL,2,'2017-03-30 16:45:05',NULL,NULL),(20,'Lucia','Márquez','40530046','Femenino','villarreal.natalia@rey.com','+34 655-32-5499',NULL,NULL,1,NULL,11,'2017-03-30 16:45:05',NULL,NULL),(21,'Olivia','Muñoz','53822131','Femenino','olivo.malak@hispavista.com','+34 655-945211',NULL,NULL,1,NULL,8,'2017-03-30 16:45:44',NULL,NULL),(22,'Roberto','Llorente','12177280','Femenino','lola84@vela.es','647201864',NULL,NULL,1,NULL,17,'2017-03-30 16:45:44',NULL,NULL),(23,'Ismael','Borrego','86763893','Masculino','jybarra@yahoo.es','660025461',NULL,NULL,1,NULL,10,'2017-03-30 16:45:44',NULL,NULL),(24,'Alex','Manzanares','61078201','Femenino','holguin.joan@magana.com.es','954-845075',NULL,NULL,1,NULL,16,'2017-03-30 16:45:44',NULL,NULL),(25,'Daniela','Barreto','42318529','Femenino','abril30@yahoo.com','+34 999-017538',NULL,NULL,1,NULL,2,'2017-03-30 16:45:45',NULL,NULL),(26,'Aaron','Jaramillo','8893370','Masculino','martin66@gmail.com','935 23 7266',NULL,'',0,6,16,'2017-03-30 16:45:45','2017-06-12 18:59:43',NULL),(27,'Marc','Camarillo','82610308','Masculino','negrete.joseantonio@terra.com','+34 941 281356',NULL,NULL,1,NULL,14,'2017-03-30 16:45:45',NULL,NULL),(28,'Celia','Castillo','51586454','Masculino','pablo47@mata.org','+34 663-749566',NULL,NULL,1,NULL,15,'2017-03-30 16:45:45',NULL,NULL),(29,'Yago','Cruz','92569634','Masculino','beatriz.roca@valles.es','681-90-1696',NULL,NULL,1,NULL,14,'2017-03-30 16:45:45',NULL,NULL),(30,'Arnau','Montenegro','47054179','Masculino','galan.nadia@camacho.com','639-98-0227',NULL,NULL,1,NULL,16,'2017-03-30 16:45:45',NULL,NULL),(31,'Irene','Correa','97002320','Femenino','benavides.victor@torres.net','690 56 8257',NULL,NULL,1,NULL,11,'2017-03-30 16:45:45',NULL,NULL),(32,'Eric','Orta','16383899','Femenino','vbaez@delvalle.es','989 054365',NULL,NULL,1,NULL,10,'2017-03-30 16:45:45',NULL,NULL),(33,'Dario','Benítez','2877926','Femenino','erik.ibarra@gmail.com','931-30-3750',NULL,NULL,1,NULL,11,'2017-03-30 16:45:45',NULL,NULL),(34,'Manuela','Domínguez','67448417','Masculino','lozano.rocio@verdugo.net','+34 963-935493',NULL,NULL,1,NULL,13,'2017-03-30 16:45:45',NULL,NULL),(35,'Noa','Cortes','85047597','Femenino','fernando23@almanza.com.es','+34 985 784467',NULL,NULL,1,NULL,6,'2017-03-30 16:45:45',NULL,NULL),(36,'Rodrigo','Trejo','54486116','Masculino','vera80@hispavista.com','+34 993-85-1026',NULL,NULL,1,NULL,10,'2017-03-30 16:45:45',NULL,NULL),(37,'Nora','Huerta','3282360','Masculino','sergio.tomas@latinmail.com','+34 973775333',12.0,NULL,1,3,2,'2017-03-30 16:45:45','2017-04-05 21:33:14',NULL),(38,'Nayara','Estrada','95620797','Masculino','gmayorga@live.com','+34 664-61-0603',NULL,NULL,1,NULL,7,'2017-03-30 16:45:45','2017-03-30 19:34:23',NULL),(39,'Carlos','Quezada','95857377','Femenino','manuela18@zepeda.org','983 43 1203',NULL,NULL,1,NULL,9,'2017-03-30 16:45:45',NULL,NULL),(40,'Vega','Tovar','54738582','Femenino','yherrera@roque.com','625-08-3712',NULL,NULL,1,NULL,9,'2017-03-30 16:45:45',NULL,NULL),(41,'Invitado','admin','12345678','Femenino','iA@corre.com','1234 567-8',12.6,NULL,1,2,6,'2017-03-30 16:55:23','2017-03-30 16:55:23',NULL),(42,'Nadia','Zapata','89612807','Masculino','ruiz.marta@domingo.com.es','+34 651 70 8877',NULL,NULL,1,14,15,'2017-03-30 21:51:42',NULL,NULL),(43,'Carmen','Castañeda','62942148','Femenino','zoe40@mayorga.es','+34 615444535',NULL,NULL,1,16,15,'2017-03-30 21:51:42',NULL,NULL),(44,'Adria','Alonso','93858584','Femenino','pantoja.izan@gmail.com','+34 665-464087',NULL,NULL,0,12,12,'2017-03-30 21:51:42','2017-06-13 17:35:03',NULL),(45,'Lola','Domínguez','69542609','Femenino','oarreola@bonilla.net','992 00 5151',NULL,NULL,1,11,13,'2017-03-30 21:51:42',NULL,NULL),(46,'Aroa','Cuenca','36830011','Femenino','salas.malak@hotmail.es','+34 935-13-1058',NULL,NULL,1,27,14,'2017-03-30 21:51:42',NULL,NULL),(47,'Nahia','Sanz','64017496','Femenino','granados.ismael@terra.com','685 156478',NULL,NULL,1,15,6,'2017-03-30 21:51:42',NULL,NULL),(48,'Eric','Cavazos','76423917','Masculino','nahia72@pereira.com.es','628 947214',NULL,NULL,1,25,10,'2017-03-30 21:51:42',NULL,NULL),(49,'Jana','Rosario','30762219','Masculino','juanjose.pelaez@latinmail.com','+34 668 856919',NULL,NULL,1,9,7,'2017-03-30 21:51:42',NULL,NULL),(50,'Martina','Pantoja','51965665','Femenino','cgamboa@hotmail.com','675284714',NULL,NULL,1,15,9,'2017-03-30 21:51:42',NULL,NULL),(51,'Nicolas','Colunga','22241881','Femenino','clara77@terra.com','675 19 2234',NULL,NULL,1,23,14,'2017-03-30 21:51:42',NULL,NULL),(52,'Saul','Orosco','3503090','Femenino','scano@herrera.com','+34 917 703640',NULL,NULL,1,3,14,'2017-03-30 21:51:42',NULL,NULL),(53,'Pau','Galindo','78468723','Femenino','vera.ruelas@marroquin.org','+34 958 84 8573',NULL,NULL,1,25,2,'2017-03-30 21:51:42',NULL,NULL),(54,'Vera','Polo','59584519','Masculino','roig.gabriela@montes.com.es','+34 670 73 0170',NULL,NULL,1,1,2,'2017-03-30 21:51:43',NULL,NULL),(55,'Erika','Arroyo','52932557','Femenino','qmontez@barrera.com','+34 926-389172',NULL,NULL,1,4,12,'2017-03-30 21:51:43',NULL,NULL),(56,'Marc','Valverde','42267686','Masculino','palomo.carolina@ordonez.org','+34 679-10-4276',NULL,NULL,1,27,16,'2017-03-30 21:51:43',NULL,NULL),(57,'Nora','Arribas','51289402','Femenino','drodarte@rodrigo.net','+34 653 555714',NULL,NULL,1,13,2,'2017-03-30 21:51:43',NULL,NULL),(58,'Pablo','Domínquez','68829021','Masculino','iria.blazquez@hispavista.com','611-934889',NULL,NULL,1,1,2,'2017-03-30 21:51:43',NULL,NULL),(59,'Teresa','Henríquez','39670308','Femenino','martin.pau@toro.com','+34 689-170627',NULL,NULL,1,11,13,'2017-03-30 21:51:43',NULL,NULL),(60,'Nayara','Núñez','83774800','Femenino','guillen.nora@delagarza.com.es','999050852',NULL,NULL,1,5,16,'2017-03-30 21:51:43',NULL,NULL),(61,'Sara','Murillo','96128112','Masculino','bortiz@yahoo.com','672 72 9509',NULL,NULL,1,27,17,'2017-03-30 21:51:43',NULL,NULL),(62,'Adriana','Olmos','65877587','Femenino','delarosa.jorge@hotmail.es','+34 620234495',NULL,'',1,27,14,'2017-03-30 21:52:45','2017-06-05 22:33:32',NULL),(63,'Fernando','Ozuna','48468341','Masculino','marcos65@lira.com','+34 656221309',NULL,NULL,1,4,17,'2017-03-30 21:52:45',NULL,NULL),(64,'Rocio','Saldivar','4829403','Femenino','ivan64@rueda.com','+34 921-984167',NULL,NULL,1,16,9,'2017-03-30 21:52:45',NULL,NULL),(65,'Carla','Piñeiro','57155913','Masculino','roberto39@yahoo.com','634-809784',NULL,NULL,1,19,7,'2017-03-30 21:52:45','2017-05-06 01:30:54',NULL),(66,'Mireia','Arenas','29871419','Masculino','franciscojavier42@hotmail.com','934-956143',NULL,NULL,1,2,14,'2017-03-30 21:52:45',NULL,NULL),(67,'Daniela','Niño','83946399','Masculino','gael.valadez@ozuna.org','+34 610 35 9937',NULL,NULL,1,12,7,'2017-03-30 21:52:45',NULL,NULL),(68,'Santiago','Carranza','19448997','Masculino','paola64@yahoo.com','649 92 8827',NULL,NULL,1,24,6,'2017-03-30 21:52:45',NULL,NULL),(69,'Erik','Granados','88495854','Masculino','carlos.roman@huerta.com','908 953238',NULL,NULL,1,9,9,'2017-03-30 21:52:45',NULL,NULL),(70,'Adrian','Soliz','3645723','Femenino','lsoler@live.com','600-23-2523',NULL,NULL,1,5,17,'2017-03-30 21:52:45',NULL,NULL),(71,'Jon','Lomeli','58899819','Masculino','estrada.angela@crespo.com','968-257649',NULL,NULL,1,15,10,'2017-03-30 21:52:46',NULL,NULL),(72,'Alicia','Mata','41248979','Femenino','claudia.negron@terra.com','607 70 4042',NULL,NULL,1,23,6,'2017-03-30 21:52:46',NULL,NULL),(73,'Gabriel','Delafuente','38619677','Femenino','elsa46@gmail.com','+34 624-84-4304',NULL,NULL,1,8,6,'2017-03-30 21:52:46',NULL,NULL),(74,'Yaiza','Agosto','63585765','Femenino','velasquez.aroa@toledo.org','+34 623548613',NULL,NULL,1,14,2,'2017-03-30 21:52:46',NULL,NULL),(75,'Saul','Badillo','56740375','Femenino','alejandro.marquez@sosa.com','918-38-7903',NULL,NULL,1,22,6,'2017-03-30 21:52:46',NULL,NULL),(76,'Bruno','Echevarría','59576757','Femenino','joan.navarro@puga.net','992-17-3766',NULL,NULL,1,27,7,'2017-03-30 21:52:46',NULL,NULL),(77,'Iria','Muro','42324154','Femenino','blazquez.francisco@hotmail.es','901-605335',NULL,NULL,1,1,15,'2017-03-30 21:52:46',NULL,NULL),(78,'Rafael','Canales','39739243','Femenino','guillem.serna@padron.es','+34 990-979819',NULL,NULL,1,23,13,'2017-03-30 21:52:46',NULL,NULL),(79,'Mar','Castañeda','12281526','Masculino','omar.franco@terra.com','679-326058',NULL,NULL,1,8,6,'2017-03-30 21:52:46',NULL,NULL),(80,'Nuria','Manzanares','84645606','Masculino','vanegas.sofia@yahoo.com','994-735601',NULL,NULL,1,15,2,'2017-03-30 21:52:46',NULL,NULL),(81,'Jon','Tórrez','93761117','Masculino','jimena.cervantez@yahoo.es','679791464',NULL,NULL,1,12,6,'2017-03-30 21:52:46',NULL,NULL),(422,'Oriol','Granados','44981278','Masculino','velez.erik@hotmail.es','+34 911778324',NULL,NULL,1,NULL,15,'2017-03-24 21:32:48','2017-03-27 22:28:08',NULL),(423,'Irene','Trujillo','69784046','Femenino','carmen59@hispavista.com','668 07 1098',NULL,NULL,1,NULL,8,'2017-03-24 21:32:48','2017-04-01 00:27:48',NULL),(424,'Lara','Lorente','28015862','Masculino','tamez.claudia@gmail.com','+34 900 523838',NULL,NULL,1,NULL,6,'2017-03-24 21:32:48','2017-03-28 00:58:12',NULL),(425,'Pau','Mesa','65312348','Femenino','nzepeda@hotmail.com','632650323',NULL,NULL,1,NULL,8,'2017-03-24 21:32:48','2017-03-30 17:22:48',NULL),(426,'Ines','Zambrano','96573564','Femenino','salma.saiz@puig.com','637-33-2374',NULL,NULL,1,NULL,10,'2017-03-24 21:32:48','2017-03-30 16:09:16',NULL),(427,'Lucia','Aranda','97373595','Masculino','enrique91@yahoo.es','+34 696 324915',NULL,NULL,1,NULL,7,'2017-03-24 21:32:48',NULL,NULL),(428,'Helena','Bermúdez','14923622','Femenino','cortes.lara@abad.org','+34 689587335',NULL,NULL,1,NULL,8,'2017-03-24 21:32:48','2017-04-01 00:27:48',NULL),(429,'Rocio','Soriano','42844914','Masculino','jon.cordero@madrigal.net','+34 693 217917',NULL,NULL,1,NULL,13,'2017-03-24 21:32:48',NULL,NULL),(430,'Marti','Salvador','85455054','Masculino','domenech.celia@yahoo.es','+34 974-015823',NULL,NULL,1,NULL,15,'2017-03-24 21:32:48','2017-04-01 00:26:51',NULL),(431,'Enrique','Zavala','52869372','Masculino','jesus.vera@yahoo.com','627473887',NULL,NULL,1,NULL,8,'2017-03-24 21:32:48',NULL,NULL),(432,'Julia','Baca','442600','Femenino','erik21@hotmail.com','998003860',NULL,NULL,1,NULL,7,'2017-03-24 21:32:48','2017-03-30 01:03:07',NULL),(433,'Marti','Arriaga','9466199','Femenino','chavez.omar@guzman.com','995 507146',NULL,NULL,1,NULL,12,'2017-03-24 21:32:48',NULL,NULL),(434,'Ines','Padilla','50443165','Femenino','aroa.manzanares@hinojosa.es','+34 685-98-3285',NULL,NULL,1,NULL,9,'2017-03-24 21:32:48',NULL,NULL),(435,'Daniel','Ortega','29839916','Femenino','marc.mateos@latinmail.com','904 583101',NULL,NULL,1,NULL,7,'2017-03-24 21:32:48',NULL,NULL),(436,'Adriana','Candelaria','74323605','Masculino','olivia91@latinmail.com','926 791022',NULL,NULL,1,NULL,7,'2017-03-24 21:32:48',NULL,NULL),(437,'Iker','Rentería','48830296','Femenino','gonzalo.baeza@sierra.com','+34 656 50 7038',NULL,NULL,1,NULL,15,'2017-03-24 21:32:48',NULL,NULL),(438,'Iria','Serrano','34907860','Masculino','leyre02@santamaria.com','917 18 2313',NULL,NULL,1,NULL,14,'2017-03-24 21:32:48',NULL,NULL),(439,'Elsa','Osorio','24398051','Masculino','arocha@hotmail.es','+34 605-598387',NULL,NULL,1,NULL,10,'2017-03-24 21:32:48',NULL,NULL),(440,'Cesar','Macias','15876065','Femenino','yeray82@cantu.es','918-422902',NULL,NULL,1,NULL,12,'2017-03-24 21:32:48',NULL,NULL),(441,'Jan','Solano','87590527','Masculino','jesquivel@pereira.com','+34 961 49 4350',NULL,NULL,1,NULL,8,'2017-03-24 21:32:48',NULL,NULL),(442,'Jose Miguel','Urbina Cedeño','22534115','Femenino','jm_16_2008@hotmail.com','4056 131-23-13',8.0,NULL,1,9,9,'2017-03-30 17:22:10','2017-03-30 17:22:10',NULL),(443,'Pedro','Torress','23231321','Masculino','tienda@prueba.com','3212 313-21-23',12.1,NULL,1,1,17,'2017-05-03 23:14:21','2017-05-08 18:38:31',NULL),(444,'Nombre','Apellido','23456789','Masculino','email@email.com','1234 566-55-6',21.1,NULL,1,6,17,'2017-05-04 18:48:27','2017-05-12 18:23:19',NULL),(445,'Invitado1','Invitado1','65153111','Masculino','mul@jfjf.com','2313 121-31',NULL,NULL,1,1,27,'2017-05-04 19:22:22','2017-05-04 19:22:22',NULL),(446,'Invitado2','Invitado2','32121323','Masculino','jdfj@mmfmf.com','1223 123-13',NULL,NULL,1,1,26,'2017-05-04 19:25:55','2017-05-04 19:25:55',NULL),(447,'Invitado3','Invitado3','2332131','Masculino','hdhdhd@qjgjgj.com','3212 323-11',21.0,NULL,0,3,25,'2017-05-04 19:27:39','2017-05-25 17:45:26',NULL),(448,'JmBeacon','torres','5555555','Femenino','usuario@prueba.com','04168889999',NULL,NULL,0,1,2,'2017-05-24 00:21:47','2017-05-25 17:47:19',NULL),(449,'JmBeacon','torres','87654321','Masculino','usuario@pruebaa.com','0416 000-00-00',NULL,NULL,1,NULL,2,'2017-05-24 00:28:03','2017-05-24 00:28:25','2017-05-24 00:28:25'),(450,'Jogly','Torres','9632587','Masculino','jt@gmail.com','5646 57',NULL,'',1,10,17,'2017-06-01 18:00:07','2017-06-01 18:00:07',NULL),(451,'aaaaaa','aaaaaa','1539483','Femenino','5555@55.com','5555 555-55-55',NULL,'',1,3,91,'2017-06-01 19:21:40','2017-06-05 19:54:06','2017-06-05 19:54:06'),(452,'tester','aaaaaa','12444444','Femenino','444@gmail.com','4444 444-44-44',NULL,NULL,1,18,17,'2017-06-01 19:44:56','2017-06-01 19:44:56',NULL),(453,'Humberto','Cochos','12232858','Masculino','hc@gmail.com','0212 587-41-58',NULL,NULL,1,8,92,'2017-06-01 19:45:32','2017-06-01 19:45:32',NULL),(454,'carlos','crespo','23123132','Masculino','cc2@dementecreativo.com','0416 633-16-00',NULL,'',1,1,62,'2017-06-05 19:29:43','2017-06-05 19:54:34','2017-06-05 19:54:34'),(456,'Carlos E','Crespo P','15394834','Masculino','carloscrespo14@gmail.com','7777 777-77-77',NULL,'',1,16,17,'2017-06-05 21:12:17','2017-06-05 22:17:30',NULL),(458,'Invitado 1','Invitado 1','10101011','Femenino','invitado1@prueba.com','1111 111-11-11',NULL,NULL,1,19,84,'2017-06-07 00:42:04','2017-06-07 00:42:04',NULL),(459,'Invitado 2','Invitado 2','02020202','Femenino','invitado2@prueba.com','2222 222-22-22',NULL,NULL,1,1,84,'2017-06-07 16:09:55','2017-06-07 16:09:55',NULL),(460,'Invitado 3','Invitado 3','030303','Femenino','invitado3@prueba.com','3333 333-33-33',NULL,NULL,1,17,84,'2017-06-07 16:21:20','2017-06-07 16:21:20',NULL),(461,'Invitado 4','Invitado 4','04040404','Femenino','invitado4@prueba.com','4444 444-44-44',NULL,NULL,1,1,84,'2017-06-07 16:34:03','2017-06-07 16:34:03',NULL),(463,'Nombre 1','Apellido 1','0122151','Masculino','noombre1@prueba.com','2152 056-61',NULL,NULL,1,4,84,'2017-06-07 18:48:35','2017-06-07 18:48:35',NULL),(464,'Eusebio','Torres','969696','Masculino','mateo@gmail.com','0416 000-00-00',NULL,'',1,1,116,'2017-06-07 18:46:34','2017-06-07 18:46:34',NULL),(465,'Elizabeth','Flores','441144','Femenino','elizabeth@gmail.com','2125 631-45-5',NULL,'',1,3,116,'2017-06-07 18:47:54','2017-06-07 18:47:54',NULL),(477,'lololo','torres','741258','Masculino','lololo@gmail.com','7412 589-99-99',NULL,'',1,1,2,'2017-06-07 19:31:36','2017-06-07 19:31:36',NULL),(479,'wrqwerqwer','qwerqwer','23423423','Femenino','wrwer@gmail.com','0212 566-99-88',NULL,'',1,19,2,'2017-06-07 19:33:02','2017-06-07 19:33:02',NULL),(481,'wrqwerqwer','qwerqwerqwer','2342343','Femenino','asdasdas@mg.com','1231 231-23-12',NULL,'',1,18,2,'2017-06-07 19:37:09','2017-06-07 19:37:09',NULL),(483,'Sr2234234','qwqw','23421412','Femenino','qwqweqwe@aas.com','2112 312-31-23',NULL,'',1,19,2,'2017-06-07 19:38:42','2017-06-07 19:38:42',NULL),(485,'ereerer','ddfddf','43344343','Femenino','dfdfgg@3333.com','3434 343-4',NULL,'',1,16,2,'2017-06-07 19:43:51','2017-06-07 19:43:51',NULL),(486,'asasdasd','asdasd','221232','Femenino','qwqweqwe@l.com','1231 231-23-12',NULL,'',1,19,2,'2017-06-07 19:39:51','2017-06-07 19:39:51',NULL),(487,'dfgfdf','gfgdgfgdgd','43434343','Femenino','Starter@ecredddativo.com','4544 454',NULL,'',1,19,2,'2017-06-07 19:48:29','2017-06-07 19:48:29',NULL),(489,'gff','gffggdgg','4343434','Femenino','srs@dementecreativo.com','4433 434',NULL,'',1,18,2,'2017-06-07 19:50:49','2017-06-07 19:50:49',NULL),(491,'dfgd','dgffgdgfdf','4343344','Femenino','LR3@dementecreativo.com','4334 443',NULL,'',1,18,2,'2017-06-07 19:51:21','2017-06-07 19:51:21',NULL),(493,'sdfsd','dfdsdf','3343434','Masculino','LR@dementecreativo.com2','4343 44',NULL,'',1,19,2,'2017-06-07 19:51:50','2017-06-07 19:51:50',NULL),(495,'Ffgfgfgfd','dfgddffd','434334','Femenino','sr4@dementecreativo.com','1212 211',NULL,'No exonerado',1,18,2,'2017-06-07 19:53:09','2017-06-07 19:53:09',NULL),(497,'dffgfdf','dfggddff','434434','Femenino','sr6@dementecreativo.com','3232 3',NULL,'',1,18,2,'2017-06-07 19:54:08','2017-06-07 19:54:08',NULL),(498,'sfsdfd','fsdsfsfddsfdfs','33323232','Femenino','ss2@dementecreativo.com','3344 343',NULL,'',1,19,2,'2017-06-07 19:55:50','2017-06-07 19:55:50',NULL),(500,'werwqerwqer','werwer','31242342','Femenino','qwrwer@asd.com','2342 342-34-23',NULL,'',1,14,2,'2017-06-07 19:53:15','2017-06-07 19:53:15',NULL),(522,'Carlos Jose','Flores','587415','Masculino','carloasass@gmail.com','2154 879-87-56',NULL,NULL,1,15,96,'2017-06-07 22:14:08','2017-06-07 22:14:08',NULL),(524,'Carlos José','Flores','54872154','Masculino','carlosj@gmail.com','3211 234-65-98',NULL,NULL,1,5,96,'2017-06-07 22:15:54','2017-06-07 22:15:54',NULL),(526,'carlos','jose','876546','Masculino','asdasd@gmail.com','6549 876-54-21',NULL,NULL,1,8,96,'2017-06-07 22:20:19','2017-06-07 22:20:19',NULL),(528,'qwefqwefqw','efqwefqw','23413412','Masculino','4234234234@sadasd.com','1234 123-42-34',NULL,NULL,1,6,96,'2017-06-07 22:22:28','2017-06-07 22:22:28',NULL),(530,'4234','234234','34234213','Masculino','324234co@mn.com','2342 342-34',NULL,NULL,0,3,116,'2017-06-07 22:23:36','2017-06-12 18:59:44',NULL),(532,'dfsadfasdf','sadafsd','234234','Masculino','asdfasdfsdf@asd.com','3423 423-42-34',NULL,NULL,1,5,116,'2017-06-07 22:25:27','2017-06-07 22:25:27',NULL),(540,'wqwreqw','erqwerqwer','21231231','Masculino','asdasdasd@casdasd.com','1231 231-23-12',NULL,NULL,1,20,116,'2017-06-07 22:34:08','2017-06-07 22:34:08',NULL);
/*!40000 ALTER TABLE `partners` ENABLE KEYS */;
UNLOCK TABLES;

--
-- Table structure for table `password_resets`
--

DROP TABLE IF EXISTS `password_resets`;
/*!40101 SET @saved_cs_client     = @@character_set_client */;
/*!40101 SET character_set_client = utf8 */;
CREATE TABLE `password_resets` (
  `email` varchar(255) NOT NULL,
  `token` varchar(255) NOT NULL,
  `created_at` timestamp NULL DEFAULT NULL,
  KEY `password_resets_email_index` (`email`),
  KEY `password_resets_token_index` (`token`)
) ENGINE=InnoDB DEFAULT CHARSET=utf8;
/*!40101 SET character_set_client = @saved_cs_client */;

--
-- Dumping data for table `password_resets`
--

LOCK TABLES `password_resets` WRITE;
/*!40000 ALTER TABLE `password_resets` DISABLE KEYS */;
INSERT INTO `password_resets` VALUES ('jogly@gmail.com','$2y$10$Av/RWOxdbW3uJtp2DhZksepckK0l3nnhfQaQNsRdzMQCepVujLqwq','2017-06-01 20:11:59'),('mu@dementecreativo.com','$2y$10$XpDgqsP3dSeI6gM1V/kYYu7FnFiVywqk4a4XdefgiEUJMdIIlGusi','2017-06-01 20:12:20'),('AdminRervation@dementecreativo.com','$2y$10$diLzxCqgrqH5f2QIwIINAeUVO1WsyAgzScDouj3BY8SmHhoAydBXS','2017-06-01 20:12:57');
/*!40000 ALTER TABLE `password_resets` ENABLE KEYS */;
UNLOCK TABLES;

--
-- Table structure for table `payment_plans`
--

DROP TABLE IF EXISTS `payment_plans`;
/*!40101 SET @saved_cs_client     = @@character_set_client */;
/*!40101 SET character_set_client = utf8 */;
CREATE TABLE `payment_plans` (
  `id` int(10) unsigned NOT NULL AUTO_INCREMENT,
  `name` varchar(50) NOT NULL,
  `description` text NOT NULL,
  `rate` float(8,2) NOT NULL DEFAULT '0.00' COMMENT 'tarifa de plan',
  `created_at` timestamp NULL DEFAULT NULL,
  `updated_at` timestamp NULL DEFAULT NULL,
  `deleted_at` timestamp NULL DEFAULT NULL,
  PRIMARY KEY (`id`)
) ENGINE=InnoDB AUTO_INCREMENT=10 DEFAULT CHARSET=utf8 COMMENT='Planes de pago para estudiantes';
/*!40101 SET character_set_client = @saved_cs_client */;

--
-- Dumping data for table `payment_plans`
--

LOCK TABLES `payment_plans` WRITE;
/*!40000 ALTER TABLE `payment_plans` DISABLE KEYS */;
INSERT INTO `payment_plans` VALUES (1,'King: \'leave out that the Queen to-day?\' \'I.','I\'ve had such a neck as that! No, no! You\'re a serpent; and there\'s no name signed at the window.\' \'THAT you won\'t\' thought Alice, and, after folding his arms and frowning at the Mouse\'s tail; \'but why do you know about it, you know.\' \'Not the same as the whole pack of cards, after all. \"--SAID I COULD NOT SWIM--\" you can\'t help it,\' she thought, \'and hand round the table, but it just now.\'.',1500.00,'2017-04-29 18:43:13','2017-04-29 18:43:13',NULL),(2,'King, the Queen, who was reading the list of.','Hatter instead!\' CHAPTER VII. A Mad Tea-Party There was no one could possibly hear you.\' And certainly there was a most extraordinary noise going on between the executioner, the King, and he hurried off. Alice thought she might as well say that \"I see what the next witness was the first figure!\' said the Dormouse; \'VERY ill.\' Alice tried to get in?\' asked Alice again, in a great many teeth, so.',2500.60,'2017-04-29 18:43:13','2017-04-29 18:43:13',NULL),(3,'So she began: \'O Mouse, do you know I\'m mad?\'.','King say in a great interest in questions of eating and drinking. \'They lived on treacle,\' said the Caterpillar took the hookah out of the moment how large she had somehow fallen into a small passage, not much surprised at this, but at any rate, there\'s no use their putting their heads downward! The Antipathies, I think--\' (for, you see, as well as pigs, and was going to begin lessons: you\'d.',3000.75,'2017-04-29 18:43:13','2017-04-29 18:43:13','2017-04-29 18:43:12'),(4,'SOMETHING interesting is sure to happen,\' she.','Ann! Mary Ann!\' said the Mouse only shook its head to keep back the wandering hair that WOULD always get into her eyes--and still as she could not help thinking there MUST be more to be said. At last the Mouse, frowning, but very glad to do next, when suddenly a footman in livery, with a sigh: \'it\'s always tea-time, and we\'ve no time to begin with.\' \'A barrowful will do, to begin again, it was.',25000.50,'2017-04-29 18:43:13','2017-04-29 18:43:13',NULL),(5,'Hatter. This piece of bread-and-butter in the.','Duchess; \'and that\'s why. Pig!\' She said this she looked at her, and the fall NEVER come to the Gryphon. \'Turn a somersault in the air. Even the Duchess began in a helpless sort of lullaby to it as well wait, as she wandered about for a conversation. Alice replied, so eagerly that the reason so many lessons to learn! No, I\'ve made up my mind about it; and as Alice could see it pop down a large.',2750.45,'2017-04-29 18:43:13','2017-04-29 18:43:13','2017-04-29 18:43:12'),(6,'I beg your pardon!\' cried Alice again, in a more.','Exactly as we needn\'t try to find any. And yet I don\'t like the right size to do with this creature when I breathe\"!\' \'It IS the use of this elegant thimble\'; and, when it saw mine coming!\' \'How do you know what you like,\' said the Mock Turtle, \'Drive on, old fellow! Don\'t be all day about it!\' and he checked himself suddenly: the others looked round also, and all dripping wet, cross, and.',3650.49,'2017-04-29 18:43:13','2017-04-29 18:43:13','2017-04-29 18:43:12'),(7,'Aficionado','de lunes a viernes 2 horas diarias',666666.19,'2017-04-29 19:46:54','2017-06-14 16:47:38',NULL),(8,'sdff','dfssfd',344344.00,'2017-06-14 00:09:50','2017-06-14 00:09:50',NULL),(9,'fdgd','gdgddf',444444.00,'2017-06-14 01:05:14','2017-06-14 01:05:14',NULL);
/*!40000 ALTER TABLE `payment_plans` ENABLE KEYS */;
UNLOCK TABLES;

--
-- Table structure for table `payments`
--

DROP TABLE IF EXISTS `payments`;
/*!40101 SET @saved_cs_client     = @@character_set_client */;
/*!40101 SET character_set_client = utf8 */;
CREATE TABLE `payments` (
  `id` int(10) unsigned NOT NULL AUTO_INCREMENT,
  `concept` varchar(255) NOT NULL,
  `enabled` tinyint(4) NOT NULL DEFAULT '1',
  `period_id` int(10) unsigned NOT NULL,
  `monthly_payment_id` int(10) unsigned NOT NULL,
  `created_at` timestamp NULL DEFAULT NULL,
  `updated_at` timestamp NULL DEFAULT NULL,
  `deleted_at` timestamp NULL DEFAULT NULL,
  PRIMARY KEY (`id`),
  KEY `payments_period_id_index` (`period_id`),
  KEY `payments_monthly_payment_id_index` (`monthly_payment_id`)
) ENGINE=InnoDB DEFAULT CHARSET=utf8;
/*!40101 SET character_set_client = @saved_cs_client */;

--
-- Dumping data for table `payments`
--

LOCK TABLES `payments` WRITE;
/*!40000 ALTER TABLE `payments` DISABLE KEYS */;
/*!40000 ALTER TABLE `payments` ENABLE KEYS */;
UNLOCK TABLES;

--
-- Table structure for table `periods`
--

DROP TABLE IF EXISTS `periods`;
/*!40101 SET @saved_cs_client     = @@character_set_client */;
/*!40101 SET character_set_client = utf8 */;
CREATE TABLE `periods` (
  `id` int(10) unsigned NOT NULL AUTO_INCREMENT,
  `name` varchar(255) NOT NULL,
  `date_start` varchar(255) NOT NULL,
  `date_end` varchar(255) NOT NULL,
  `price_inscription` float NOT NULL,
  `enabled` tinyint(4) NOT NULL DEFAULT '1',
  `group_id` int(10) unsigned DEFAULT NULL,
  `created_at` timestamp NULL DEFAULT NULL,
  `updated_at` timestamp NULL DEFAULT NULL,
  `deleted_at` timestamp NULL DEFAULT NULL,
  PRIMARY KEY (`id`),
  KEY `periods_group_id_index` (`group_id`)
) ENGINE=InnoDB AUTO_INCREMENT=6 DEFAULT CHARSET=utf8;
/*!40101 SET character_set_client = @saved_cs_client */;

--
-- Dumping data for table `periods`
--

LOCK TABLES `periods` WRITE;
/*!40000 ALTER TABLE `periods` DISABLE KEYS */;
INSERT INTO `periods` VALUES (1,'Periodo 1','01-04-2017','30-04-2017',1.25,1,1,'2017-04-28 21:43:26','2017-06-06 19:46:03',NULL),(2,'Periodo 2','01-05-2017','31-05-2017',125.5,1,2,'2017-04-28 21:55:04','2017-06-14 00:35:45','2017-06-14 00:35:45'),(3,'Periodo 3','06-06-2017','29-06-2017',1.22,1,1,'2017-06-06 19:12:11','2017-06-07 00:19:16','2017-06-07 00:19:16'),(4,'Periodo 2','13-06-2017','30-06-2017',121212,1,1,'2017-06-14 00:36:29','2017-06-14 00:36:35','2017-06-14 00:36:35'),(5,'Periodo 2','13-06-2017','30-06-2017',545455,1,1,'2017-06-14 00:40:38','2017-06-14 00:40:38',NULL);
/*!40000 ALTER TABLE `periods` ENABLE KEYS */;
UNLOCK TABLES;

--
-- Table structure for table `products`
--

DROP TABLE IF EXISTS `products`;
/*!40101 SET @saved_cs_client     = @@character_set_client */;
/*!40101 SET character_set_client = utf8 */;
CREATE TABLE `products` (
  `id` int(10) unsigned NOT NULL AUTO_INCREMENT,
  `name` varchar(50) NOT NULL,
  `table` varchar(50) NOT NULL,
  `enabled` tinyint(4) NOT NULL DEFAULT '1',
  `created_at` timestamp NULL DEFAULT NULL,
  `updated_at` timestamp NULL DEFAULT NULL,
  `deleted_at` timestamp NULL DEFAULT NULL,
  PRIMARY KEY (`id`)
) ENGINE=InnoDB AUTO_INCREMENT=5 DEFAULT CHARSET=utf8;
/*!40101 SET character_set_client = @saved_cs_client */;

--
-- Dumping data for table `products`
--

LOCK TABLES `products` WRITE;
/*!40000 ALTER TABLE `products` DISABLE KEYS */;
INSERT INTO `products` VALUES (1,'Reservacion','reservations',1,'2017-03-30 16:36:03',NULL,NULL),(2,'Inscripción Torneo','categories',1,'2017-03-30 16:36:03',NULL,NULL),(3,'Inscripción Escuela','registrations',1,'2017-03-30 16:36:03',NULL,NULL),(4,'Mensualidad socio','',1,'2017-03-30 16:36:03',NULL,NULL);
/*!40000 ALTER TABLE `products` ENABLE KEYS */;
UNLOCK TABLES;

--
-- Table structure for table `registrations`
--

DROP TABLE IF EXISTS `registrations`;
/*!40101 SET @saved_cs_client     = @@character_set_client */;
/*!40101 SET character_set_client = utf8 */;
CREATE TABLE `registrations` (
  `id` int(10) unsigned NOT NULL AUTO_INCREMENT,
  `status` enum('Cancelado','Procesado','En proceso','Finalizada') NOT NULL DEFAULT 'En proceso',
  `group_id` int(10) unsigned NOT NULL,
  `payment_plan_id` int(10) unsigned NOT NULL,
  `student_id` int(10) unsigned NOT NULL,
  `created_at` timestamp NULL DEFAULT NULL,
  `updated_at` timestamp NULL DEFAULT NULL,
  `deleted_at` timestamp NULL DEFAULT NULL,
  PRIMARY KEY (`id`),
  KEY `registrations_group_id_index` (`group_id`),
  KEY `registrations_payment_plan_id_index` (`payment_plan_id`),
  KEY `registrations_student_id_index` (`student_id`)
) ENGINE=InnoDB AUTO_INCREMENT=15 DEFAULT CHARSET=utf8;
/*!40101 SET character_set_client = @saved_cs_client */;

--
-- Dumping data for table `registrations`
--

LOCK TABLES `registrations` WRITE;
/*!40000 ALTER TABLE `registrations` DISABLE KEYS */;
INSERT INTO `registrations` VALUES (1,'En proceso',1,2,2,'2017-04-30 00:15:44','2017-04-30 00:15:44',NULL),(13,'En proceso',1,4,8,'2017-05-03 21:23:44','2017-05-03 21:23:44',NULL),(14,'En proceso',2,7,10,'2017-06-01 19:17:03','2017-06-01 19:17:03',NULL);
/*!40000 ALTER TABLE `registrations` ENABLE KEYS */;
UNLOCK TABLES;

--
-- Table structure for table `reservation_definitions`
--

DROP TABLE IF EXISTS `reservation_definitions`;
/*!40101 SET @saved_cs_client     = @@character_set_client */;
/*!40101 SET character_set_client = utf8 */;
CREATE TABLE `reservation_definitions` (
  `id` int(10) unsigned NOT NULL AUTO_INCREMENT,
  `name` varchar(50) NOT NULL,
  `green_fee` double(8,2) NOT NULL,
  `enabled` tinyint(4) NOT NULL DEFAULT '1',
  `created_at` timestamp NULL DEFAULT NULL,
  `updated_at` timestamp NULL DEFAULT NULL,
  `deleted_at` timestamp NULL DEFAULT NULL,
  PRIMARY KEY (`id`)
) ENGINE=InnoDB AUTO_INCREMENT=111 DEFAULT CHARSET=utf8;
/*!40101 SET character_set_client = @saved_cs_client */;

--
-- Dumping data for table `reservation_definitions`
--

LOCK TABLES `reservation_definitions` WRITE;
/*!40000 ALTER TABLE `reservation_definitions` DISABLE KEYS */;
INSERT INTO `reservation_definitions` VALUES (1,'lagunita',29.47,1,'2017-03-30 16:36:04','2017-06-01 21:42:59','2017-06-01 21:42:59'),(3,'test',4.50,0,'2017-05-31 00:42:25','2017-06-01 21:41:07','2017-06-01 21:41:07'),(4,'jkhkjh',45.00,1,'2017-05-31 01:32:21','2017-06-01 21:40:45','2017-06-01 21:40:45'),(5,'Menores',115.00,1,'2017-05-31 01:32:21','2017-06-01 21:42:46','2017-06-01 21:42:46'),(6,'test',1000.00,1,'2017-06-01 21:14:54','2017-06-01 21:41:03','2017-06-01 21:41:03'),(99,'No paga',0.00,1,'2017-06-01 17:34:33','2017-06-01 21:42:43','2017-06-01 21:42:43'),(100,'Greenpe',11111.11,1,'2017-06-01 21:36:44','2017-06-01 21:40:30','2017-06-01 21:40:30'),(101,'Greenpe',100000.00,1,'2017-06-01 21:38:27','2017-06-01 21:40:40','2017-06-01 21:40:40'),(102,'ret',100000.00,1,'2017-06-01 21:40:01','2017-06-01 21:41:10','2017-06-01 21:41:10'),(103,'18',9.99,1,'2017-06-01 21:40:19','2017-06-01 21:40:25','2017-06-01 21:40:25'),(104,'Greenpe',555555.55,1,'2017-06-01 21:43:09','2017-06-01 21:56:32','2017-06-01 21:56:32'),(105,'Carlos',35.00,1,'2017-06-01 21:56:54','2017-06-02 02:21:07',NULL),(106,'tttttttt',150.00,0,'2017-06-01 21:58:29','2017-06-02 21:41:18',NULL),(107,'tt',10.00,1,'2017-06-01 21:59:03','2017-06-01 21:59:03',NULL),(108,'10',10.00,1,'2017-06-01 21:59:20','2017-06-12 19:57:48','2017-06-12 19:57:48'),(109,'888',120.50,1,'2017-06-01 21:59:46','2017-06-01 21:59:46',NULL),(110,'0000',100000.00,1,'2017-06-01 22:00:16','2017-06-02 02:22:21','2017-06-02 02:22:21');
/*!40000 ALTER TABLE `reservation_definitions` ENABLE KEYS */;
UNLOCK TABLES;

--
-- Table structure for table `reservations`
--

DROP TABLE IF EXISTS `reservations`;
/*!40101 SET @saved_cs_client     = @@character_set_client */;
/*!40101 SET character_set_client = utf8 */;
CREATE TABLE `reservations` (
  `id` int(10) unsigned NOT NULL AUTO_INCREMENT,
  `receipt_payment` varchar(50) DEFAULT NULL,
  `detail` varchar(255) DEFAULT NULL,
  `date` date NOT NULL,
  `start_time` time NOT NULL,
  `enabled` tinyint(4) NOT NULL DEFAULT '1',
  `user_id` int(10) unsigned DEFAULT NULL,
  `created_at` timestamp NULL DEFAULT NULL,
  `updated_at` timestamp NULL DEFAULT NULL,
  `deleted_at` timestamp NULL DEFAULT NULL,
  `total_green_fee` double(8,2) DEFAULT NULL,
  `status` enum('En proceso','Sorteable','Aprobada','Cancelada','Cerrada','Finalizada') NOT NULL DEFAULT 'Aprobada',
  PRIMARY KEY (`id`),
  KEY `reservations_user_id_index` (`user_id`),
  CONSTRAINT `reservations_ibfk_1` FOREIGN KEY (`user_id`) REFERENCES `users` (`id`) ON DELETE CASCADE ON UPDATE CASCADE
) ENGINE=InnoDB AUTO_INCREMENT=264 DEFAULT CHARSET=utf8;
/*!40101 SET character_set_client = @saved_cs_client */;

--
-- Dumping data for table `reservations`
--

LOCK TABLES `reservations` WRITE;
/*!40000 ALTER TABLE `reservations` DISABLE KEYS */;
INSERT INTO `reservations` VALUES (87,NULL,NULL,'2017-11-12','06:00:00',1,2,'2017-06-01 23:07:11','2017-06-01 23:07:11',NULL,888888.88,'Aprobada'),(88,NULL,NULL,'2017-11-19','06:00:00',1,2,'2017-06-01 23:21:13','2017-06-01 23:21:13',NULL,0.00,'Aprobada'),(89,NULL,NULL,'2017-06-19','08:20:00',1,2,'2017-06-01 23:35:46','2017-06-01 23:36:40',NULL,0.00,'Aprobada'),(90,NULL,NULL,'2017-06-12','09:40:00',1,2,'2017-06-01 23:40:49','2017-06-12 17:41:47',NULL,0.00,'Aprobada'),(91,NULL,NULL,'2017-06-22','07:30:00',1,2,'2017-06-01 23:45:29','2017-06-01 23:47:33',NULL,0.00,'Aprobada'),(92,NULL,NULL,'2017-06-06','17:20:00',1,2,'2017-06-02 00:43:57','2017-06-05 19:34:00','2017-06-05 19:34:00',100000.00,'Aprobada'),(93,NULL,NULL,'2017-06-23','08:20:00',1,2,'2017-06-02 00:55:12','2017-06-02 00:56:32',NULL,100000.00,'Aprobada'),(94,NULL,NULL,'2017-06-25','07:30:00',1,2,'2017-06-02 00:58:28','2017-06-02 00:58:56',NULL,10.00,'Aprobada'),(95,NULL,NULL,'2017-06-25','07:30:00',1,2,'2017-06-02 00:58:33','2017-06-02 00:58:56',NULL,10.00,'Aprobada'),(96,NULL,NULL,'2017-06-26','09:00:00',1,2,'2017-06-02 01:02:35','2017-06-02 01:03:01',NULL,888888.88,'Aprobada'),(97,NULL,NULL,'2017-06-08','11:00:00',1,62,'2017-06-02 01:49:10','2017-06-08 18:17:43',NULL,0.00,'Aprobada'),(98,NULL,NULL,'2017-06-08','08:10:00',1,62,'2017-06-02 01:51:16','2017-06-09 00:28:52',NULL,0.00,'Aprobada'),(99,NULL,NULL,'2017-06-13','10:40:00',1,62,'2017-06-02 01:52:36','2017-06-12 17:40:39',NULL,0.00,'Aprobada'),(100,NULL,NULL,'2017-06-13','07:10:00',1,62,'2017-06-02 01:53:58','2017-06-02 01:53:58',NULL,0.00,'Aprobada'),(101,NULL,NULL,'2017-06-03','06:00:00',1,62,'2017-06-02 02:00:09','2017-06-02 02:00:09',NULL,0.00,'Aprobada'),(102,NULL,NULL,'2017-06-06','10:00:00',1,2,'2017-06-02 17:43:14','2017-06-02 17:43:14',NULL,0.00,'Aprobada'),(104,NULL,NULL,'2017-06-08','07:40:00',1,62,'2017-06-02 18:01:31','2017-06-09 00:26:30',NULL,888.88,'Aprobada'),(105,NULL,NULL,'2017-06-25','10:00:00',1,2,'2017-06-02 18:09:03','2017-06-02 18:09:03',NULL,888.88,'Aprobada'),(106,NULL,NULL,'2017-06-06','14:00:00',1,2,'2017-06-02 19:35:14','2017-06-02 19:35:14',NULL,0.00,'Aprobada'),(107,NULL,NULL,'2017-06-07','17:07:00',1,2,'2017-06-02 19:36:58','2017-06-08 01:07:31',NULL,10.00,'Aprobada'),(108,NULL,NULL,'2017-06-07','17:07:00',1,2,'2017-06-02 21:30:53','2017-06-08 01:07:44',NULL,30.00,'Aprobada'),(117,NULL,NULL,'2017-06-07','16:20:00',1,2,'2017-06-02 22:41:27','2017-06-08 00:51:37',NULL,20.00,'Aprobada'),(118,NULL,NULL,'2017-06-06','15:20:00',1,2,'2017-06-02 22:51:31','2017-06-02 22:51:31',NULL,0.00,'Aprobada'),(119,NULL,NULL,'2017-06-06','17:50:00',1,2,'2017-06-02 22:52:29','2017-06-02 22:52:29',NULL,70.00,'Aprobada'),(120,NULL,NULL,'2017-06-06','15:30:00',1,2,'2017-06-02 23:00:03','2017-06-02 23:00:03',NULL,241.00,'Aprobada'),(121,NULL,NULL,'2017-06-06','15:40:00',1,2,'2017-06-02 23:03:08','2017-06-02 23:03:08',NULL,241.00,'Aprobada'),(122,NULL,NULL,'2017-06-06','17:30:00',1,2,'2017-06-02 23:46:20','2017-06-02 23:46:20',NULL,241.00,'Aprobada'),(123,NULL,NULL,'2017-06-06','16:00:00',1,2,'2017-06-02 23:47:59','2017-06-02 23:47:59',NULL,241.00,'Aprobada'),(124,NULL,NULL,'2017-06-02','16:10:00',1,2,'2017-06-02 23:49:59','2017-06-02 23:49:59',NULL,120.50,'Aprobada'),(125,NULL,NULL,'2017-06-02','16:20:00',1,2,'2017-06-02 23:51:02','2017-06-02 23:51:02',NULL,10.00,'Aprobada'),(126,NULL,NULL,'2017-06-02','16:30:00',1,2,'2017-06-03 00:03:37','2017-06-05 19:34:18','2017-06-05 19:34:18',241.00,'Aprobada'),(127,NULL,NULL,'2017-06-02','16:40:00',1,2,'2017-06-03 00:11:39','2017-06-03 00:11:39',NULL,482.00,'Aprobada'),(128,NULL,NULL,'2017-06-02','16:50:00',1,2,'2017-06-03 00:17:41','2017-06-03 00:17:41',NULL,482.00,'Aprobada'),(129,NULL,NULL,'2017-06-02','17:00:00',1,2,'2017-06-03 00:18:45','2017-06-03 00:18:45',NULL,482.00,'Aprobada'),(130,NULL,NULL,'2017-06-02','17:10:00',1,2,'2017-06-03 00:20:18','2017-06-03 00:20:18',NULL,482.00,'Aprobada'),(192,NULL,NULL,'2017-06-05','09:00:00',1,17,'2017-06-05 16:52:57','2017-06-05 16:52:57',NULL,241.00,'Aprobada'),(193,NULL,NULL,'2017-06-05','09:30:00',1,17,'2017-06-05 17:26:04','2017-06-05 17:26:04',NULL,361.50,'Aprobada'),(194,NULL,NULL,'2017-06-05','09:40:00',1,17,'2017-06-05 17:32:22','2017-06-05 17:32:22',NULL,361.50,'Aprobada'),(195,NULL,NULL,'2017-06-12','11:40:00',1,17,'2017-06-05 17:35:09','2017-06-12 17:40:27',NULL,482.00,'Aprobada'),(196,NULL,NULL,'2017-06-05','10:00:00',1,17,'2017-06-05 17:36:46','2017-06-05 17:36:46',NULL,361.50,'Aprobada'),(197,NULL,NULL,'2017-06-09','06:10:00',1,62,'2017-06-05 17:49:47','2017-06-05 22:36:04',NULL,0.00,'Aprobada'),(205,NULL,NULL,'2017-06-08','10:21:00',1,7,'2017-06-05 18:16:09','2017-06-08 18:21:14',NULL,241.00,'Aprobada'),(206,NULL,NULL,'2017-06-05','10:20:00',1,7,'2017-06-05 18:29:31','2017-06-05 18:29:31',NULL,10.00,'Aprobada'),(207,NULL,NULL,'2017-06-06','07:10:00',1,62,'2017-06-05 18:40:03','2017-06-05 18:40:03',NULL,0.00,'Aprobada'),(210,NULL,NULL,'2017-06-08','06:00:00',1,10,'2017-06-05 18:49:54','2017-06-09 00:27:41',NULL,0.00,'Aprobada'),(211,NULL,NULL,'2017-06-30','06:00:00',1,96,'2017-06-05 19:05:00','2017-06-05 19:05:00',NULL,241.00,'Aprobada'),(215,NULL,NULL,'2017-06-05','12:00:00',1,62,'2017-06-05 19:38:35','2017-06-05 19:38:35',NULL,0.00,'Aprobada'),(216,NULL,NULL,'2017-06-12','12:40:00',1,62,'2017-06-05 19:42:33','2017-06-12 17:44:45',NULL,241.00,'Aprobada'),(217,NULL,NULL,'2017-06-08','10:21:00',1,62,'2017-06-05 19:44:21','2017-06-08 18:21:23',NULL,241.00,'Aprobada'),(218,NULL,NULL,'2017-06-11','07:10:00',1,2,'2017-06-05 22:46:56','2017-06-05 22:46:56',NULL,10.00,'Aprobada'),(219,NULL,NULL,'2017-06-09','11:30:00',1,17,'2017-06-06 19:54:27','2017-06-06 19:54:27',NULL,0.00,'Aprobada'),(220,NULL,NULL,'2017-06-09','11:00:00',1,17,'2017-06-06 19:54:58','2017-06-06 19:54:58',NULL,0.00,'Aprobada'),(221,NULL,NULL,'2017-06-09','12:00:00',1,17,'2017-06-06 20:01:17','2017-06-06 20:01:17',NULL,0.00,'Aprobada'),(222,NULL,NULL,'2017-06-09','09:50:00',1,17,'2017-06-06 20:01:34','2017-06-06 20:01:34',NULL,0.00,'Aprobada'),(223,NULL,NULL,'2017-06-09','08:10:00',1,2,'2017-06-06 20:05:09','2017-06-06 20:05:09',NULL,0.00,'Aprobada'),(224,NULL,NULL,'2017-06-06','12:20:00',1,2,'2017-06-06 20:07:51','2017-06-06 20:07:51',NULL,0.00,'Aprobada'),(226,NULL,NULL,'2017-06-06','12:30:00',1,2,'2017-06-06 20:11:01','2017-06-06 20:11:01',NULL,120.50,'Aprobada'),(227,NULL,NULL,'2017-06-06','12:40:00',1,2,'2017-06-06 20:11:41','2017-06-06 20:11:41',NULL,0.00,'Aprobada'),(228,NULL,NULL,'2017-06-06','13:10:00',1,2,'2017-06-06 21:11:12','2017-06-06 21:11:12',NULL,0.00,'Aprobada'),(232,NULL,NULL,'2017-06-11','06:10:00',1,2,'2017-06-06 21:56:36','2017-06-06 22:13:21',NULL,0.00,'Aprobada'),(233,NULL,NULL,'2017-06-11','06:00:00',1,2,'2017-06-06 21:57:30','2017-06-06 22:13:21',NULL,0.00,'Aprobada'),(234,NULL,NULL,'2017-06-18','06:20:00',1,2,'2017-06-06 22:20:45','2017-06-06 23:41:55',NULL,0.00,'Aprobada'),(235,NULL,NULL,'2017-06-18','06:00:00',1,2,'2017-06-06 22:22:46','2017-06-06 23:41:55',NULL,0.00,'Aprobada'),(236,NULL,NULL,'2017-06-08','10:40:00',1,2,'2017-06-06 22:49:46','2017-06-09 00:25:35',NULL,241.00,'Aprobada'),(237,NULL,NULL,'2017-06-08','10:20:00',1,2,'2017-06-06 22:52:53','2017-06-09 00:28:52',NULL,20.00,'Aprobada'),(238,NULL,NULL,'2017-06-29','06:00:00',1,2,'2017-06-07 00:34:34','2017-06-08 01:03:08',NULL,120.50,'Aprobada'),(239,NULL,NULL,'2017-06-29','09:00:00',1,2,'2017-06-07 00:36:45','2017-06-08 01:03:08',NULL,0.00,'Aprobada'),(240,NULL,NULL,'2017-06-30','06:00:00',1,2,'2017-06-07 00:38:05','2017-06-08 01:03:08',NULL,0.00,'Aprobada'),(250,NULL,NULL,'2017-06-08','10:50:00',1,84,'2017-06-07 18:46:16','2017-06-08 18:16:31',NULL,10.00,'Aprobada'),(251,NULL,NULL,'2017-06-07','14:30:00',1,84,'2017-06-07 19:11:29','2017-06-08 00:56:49',NULL,35.00,'Aprobada'),(252,NULL,NULL,'2017-06-28','06:00:00',1,17,'2017-06-12 17:48:33','2017-06-12 17:48:33',NULL,10.00,'Aprobada'),(254,NULL,NULL,'2017-06-21','06:30:00',1,96,'2017-06-12 18:11:06','2017-06-12 18:15:03',NULL,10.00,'Aprobada'),(255,NULL,NULL,'2017-06-21','06:00:00',1,95,'2017-06-12 18:12:00','2017-06-12 18:15:51',NULL,120.50,'Aprobada'),(256,NULL,NULL,'2017-06-21','06:30:00',1,94,'2017-06-12 18:12:43','2017-06-12 18:15:51',NULL,0.00,'Aprobada'),(257,NULL,NULL,'2017-06-21','06:10:00',1,93,'2017-06-12 18:14:03','2017-06-12 18:15:51',NULL,120.50,'Aprobada'),(258,NULL,NULL,'2017-06-21','06:20:00',1,92,'2017-06-12 18:14:37','2017-06-12 18:15:51',NULL,120.50,'Aprobada'),(259,NULL,NULL,'2017-06-17','06:20:00',1,96,'2017-06-12 18:23:04','2017-06-12 18:26:18',NULL,10.00,'Aprobada'),(260,NULL,NULL,'2017-06-17','06:10:00',1,95,'2017-06-12 18:23:33','2017-06-12 18:26:18',NULL,10.00,'Aprobada'),(261,NULL,NULL,'2017-06-17','06:00:00',1,94,'2017-06-12 18:24:14','2017-06-12 18:26:18',NULL,35.00,'Aprobada'),(262,NULL,NULL,'2017-06-17','06:30:00',1,93,'2017-06-12 18:24:43','2017-06-12 18:26:18',NULL,10.00,'Aprobada'),(263,NULL,NULL,'2017-06-17','06:40:00',1,92,'2017-06-12 18:25:22','2017-06-12 18:26:18',NULL,10.00,'Aprobada');
/*!40000 ALTER TABLE `reservations` ENABLE KEYS */;
UNLOCK TABLES;

--
-- Table structure for table `roles`
--

DROP TABLE IF EXISTS `roles`;
/*!40101 SET @saved_cs_client     = @@character_set_client */;
/*!40101 SET character_set_client = utf8 */;
CREATE TABLE `roles` (
  `id` int(10) unsigned NOT NULL AUTO_INCREMENT,
  `name` varchar(50) NOT NULL,
  `enabled` tinyint(4) NOT NULL DEFAULT '1',
  `created_at` timestamp NULL DEFAULT NULL,
  `updated_at` timestamp NULL DEFAULT NULL,
  `deleted_at` timestamp NULL DEFAULT NULL,
  PRIMARY KEY (`id`)
) ENGINE=InnoDB AUTO_INCREMENT=8 DEFAULT CHARSET=utf8;
/*!40101 SET character_set_client = @saved_cs_client */;

--
-- Dumping data for table `roles`
--

LOCK TABLES `roles` WRITE;
/*!40000 ALTER TABLE `roles` DISABLE KEYS */;
INSERT INTO `roles` VALUES (1,'Root',1,'2017-03-30 16:36:04',NULL,NULL),(2,'Administrador de Reservaciones',1,'2017-03-30 16:36:04',NULL,NULL),(3,'Administrador Financiero',1,'2017-03-30 16:36:04',NULL,NULL),(4,'Maletero',1,'2017-03-30 16:36:04',NULL,NULL),(5,'Starter',1,'2017-03-30 16:36:04',NULL,NULL),(6,'Socio',1,'2017-03-30 16:36:04',NULL,NULL),(7,'Ranger',1,'2017-05-30 18:17:20',NULL,NULL);
/*!40000 ALTER TABLE `roles` ENABLE KEYS */;
UNLOCK TABLES;

--
-- Table structure for table `services`
--

DROP TABLE IF EXISTS `services`;
/*!40101 SET @saved_cs_client     = @@character_set_client */;
/*!40101 SET character_set_client = utf8 */;
CREATE TABLE `services` (
  `id` int(10) unsigned NOT NULL AUTO_INCREMENT,
  `type_service` varchar(255) NOT NULL,
  `name` varchar(255) NOT NULL,
  `amount` float(8,2) NOT NULL,
  `enabled` tinyint(4) NOT NULL DEFAULT '1',
  `created_at` timestamp NULL DEFAULT NULL,
  `updated_at` timestamp NULL DEFAULT NULL,
  `deleted_at` timestamp NULL DEFAULT NULL,
  PRIMARY KEY (`id`)
) ENGINE=InnoDB DEFAULT CHARSET=utf8;
/*!40101 SET character_set_client = @saved_cs_client */;

--
-- Dumping data for table `services`
--

LOCK TABLES `services` WRITE;
/*!40000 ALTER TABLE `services` DISABLE KEYS */;
/*!40000 ALTER TABLE `services` ENABLE KEYS */;
UNLOCK TABLES;

--
-- Table structure for table `start_times`
--

DROP TABLE IF EXISTS `start_times`;
/*!40101 SET @saved_cs_client     = @@character_set_client */;
/*!40101 SET character_set_client = utf8 */;
CREATE TABLE `start_times` (
  `id` int(10) unsigned NOT NULL AUTO_INCREMENT,
  `start_time` time NOT NULL,
  `end_time` time NOT NULL,
  `enabled` tinyint(4) NOT NULL DEFAULT '1',
  `created_at` timestamp NULL DEFAULT NULL,
  `updated_at` timestamp NULL DEFAULT NULL,
  `deleted_at` timestamp NULL DEFAULT NULL,
  PRIMARY KEY (`id`)
) ENGINE=InnoDB DEFAULT CHARSET=utf8;
/*!40101 SET character_set_client = @saved_cs_client */;

--
-- Dumping data for table `start_times`
--

LOCK TABLES `start_times` WRITE;
/*!40000 ALTER TABLE `start_times` DISABLE KEYS */;
/*!40000 ALTER TABLE `start_times` ENABLE KEYS */;
UNLOCK TABLES;

--
-- Table structure for table `students`
--

DROP TABLE IF EXISTS `students`;
/*!40101 SET @saved_cs_client     = @@character_set_client */;
/*!40101 SET character_set_client = utf8 */;
CREATE TABLE `students` (
  `id` int(10) unsigned NOT NULL AUTO_INCREMENT,
  `identity_card` varchar(10) DEFAULT NULL,
  `name` varchar(255) NOT NULL,
  `last_name` varchar(255) NOT NULL,
  `phone` varchar(255) DEFAULT NULL,
  `email` varchar(100) DEFAULT NULL,
  `birthdate` varchar(255) NOT NULL,
  `enabled` tinyint(4) NOT NULL DEFAULT '1',
  `member_id` int(10) unsigned DEFAULT NULL,
  `created_at` timestamp NULL DEFAULT NULL,
  `updated_at` timestamp NULL DEFAULT NULL,
  `deleted_at` timestamp NULL DEFAULT NULL,
  PRIMARY KEY (`id`),
  KEY `students_member_id_index` (`member_id`)
) ENGINE=InnoDB AUTO_INCREMENT=12 DEFAULT CHARSET=utf8;
/*!40101 SET character_set_client = @saved_cs_client */;

--
-- Dumping data for table `students`
--

LOCK TABLES `students` WRITE;
/*!40000 ALTER TABLE `students` DISABLE KEYS */;
INSERT INTO `students` VALUES (1,'12345678','juan manuel','duarte Garces','1234 567-8',NULL,'21-11-2000',1,1,'2017-04-29 01:24:04','2017-04-30 03:10:08',NULL),(2,'12345678','jhiosver','duarte','1234 567-8',NULL,'25-05-2005',1,1,'2017-04-29 22:11:17','2017-04-29 22:11:17',NULL),(3,'12345678','Juanita','Perez','1234 567-8',NULL,'05-11-2000',1,3,'2017-04-29 22:16:27','2017-04-29 22:16:27',NULL),(4,'12345678','Carlos','Oscariz','1234 567-8',NULL,'31-02-1999',1,3,'2017-04-30 03:06:57','2017-04-30 03:10:22','2017-04-30 03:10:22'),(5,'32121221','Jose Miguel','Urbina Cedeño','0144 555-55-55',NULL,'24-05-2017',1,3,'2017-05-03 18:25:39','2017-05-03 18:25:39',NULL),(8,'3131231','Miguel','Antonio','3213 215-13-2',NULL,'12-05-2017',1,7,'2017-05-03 21:23:38','2017-05-03 21:23:38',NULL),(9,'22534111','Jose Miguel','Urbina Cedeño','0144 555-55-55',NULL,'04-05-2017',1,11,'2017-05-05 21:48:42','2017-05-05 21:48:42',NULL),(10,'55555555','tester','tester','5555 555-55-55',NULL,'05-06-2008',1,111,'2017-06-01 19:16:51','2017-06-01 19:16:51',NULL),(11,'12345678','David','Torres','0212 563-14-55',NULL,'2016-02-05',1,112,'2017-06-01 19:36:49','2017-06-01 19:37:59',NULL);
/*!40000 ALTER TABLE `students` ENABLE KEYS */;
UNLOCK TABLES;

--
-- Table structure for table `teachers`
--

DROP TABLE IF EXISTS `teachers`;
/*!40101 SET @saved_cs_client     = @@character_set_client */;
/*!40101 SET character_set_client = utf8 */;
CREATE TABLE `teachers` (
  `id` int(10) unsigned NOT NULL AUTO_INCREMENT,
  `name` varchar(255) NOT NULL,
  `last_name` varchar(255) NOT NULL,
  `phone` varchar(255) NOT NULL,
  `email` varchar(255) NOT NULL,
  `photo` varchar(255) DEFAULT NULL,
  `enabled` tinyint(4) NOT NULL DEFAULT '1',
  `created_at` timestamp NULL DEFAULT NULL,
  `updated_at` timestamp NULL DEFAULT NULL,
  `deleted_at` timestamp NULL DEFAULT NULL,
  PRIMARY KEY (`id`)
) ENGINE=InnoDB AUTO_INCREMENT=5 DEFAULT CHARSET=utf8;
/*!40101 SET character_set_client = @saved_cs_client */;

--
-- Dumping data for table `teachers`
--

LOCK TABLES `teachers` WRITE;
/*!40000 ALTER TABLE `teachers` DISABLE KEYS */;
INSERT INTO `teachers` VALUES (1,'Juan','Mendoza','1234 567-8','jm@lagunita.com',NULL,1,'2017-04-28 21:12:31','2017-04-28 21:12:31',NULL),(2,'Luis','Correa','1234 567-8','lc@lagunita.com',NULL,1,'2017-04-28 21:15:39','2017-04-28 21:15:39',NULL),(3,'Danielita','Kosan10','1234 567-8','dK@lagunita.com',NULL,1,'2017-04-30 02:43:27','2017-04-30 02:46:23',NULL),(4,'Daniela','Kosan','1234 567-8','dK@lagunita.com',NULL,1,'2017-04-30 02:44:36','2017-04-30 02:45:09','2017-04-30 02:45:09');
/*!40000 ALTER TABLE `teachers` ENABLE KEYS */;
UNLOCK TABLES;

--
-- Table structure for table `time_draws`
--

DROP TABLE IF EXISTS `time_draws`;
/*!40101 SET @saved_cs_client     = @@character_set_client */;
/*!40101 SET character_set_client = utf8 */;
CREATE TABLE `time_draws` (
  `id` int(10) unsigned NOT NULL AUTO_INCREMENT,
  `start_time` time NOT NULL,
  `end_time` time NOT NULL,
  `enabled` tinyint(4) NOT NULL DEFAULT '1',
  `day_draw_id` int(10) unsigned NOT NULL,
  `created_at` timestamp NULL DEFAULT NULL,
  `updated_at` timestamp NULL DEFAULT NULL,
  `deleted_at` timestamp NULL DEFAULT NULL,
  PRIMARY KEY (`id`),
  KEY `time_draws_day_draw_id_index` (`day_draw_id`),
  CONSTRAINT `time_draws_day_draws_foreing_key` FOREIGN KEY (`day_draw_id`) REFERENCES `day_draws` (`id`) ON DELETE CASCADE ON UPDATE CASCADE
) ENGINE=InnoDB AUTO_INCREMENT=474 DEFAULT CHARSET=utf8;
/*!40101 SET character_set_client = @saved_cs_client */;

--
-- Dumping data for table `time_draws`
--

LOCK TABLES `time_draws` WRITE;
/*!40000 ALTER TABLE `time_draws` DISABLE KEYS */;
INSERT INTO `time_draws` VALUES (470,'06:00:00','07:00:00',1,64,'2017-06-12 18:22:32','2017-06-12 18:22:32',NULL),(471,'06:00:00','06:20:00',1,66,'2017-06-14 00:05:50','2017-06-14 00:12:50','2017-06-14 00:12:50'),(472,'07:00:00','08:00:00',1,66,'2017-06-14 00:12:20','2017-06-14 00:15:26',NULL),(473,'06:00:00','07:50:00',1,67,'2017-06-14 00:15:41','2017-06-14 00:15:41',NULL);
/*!40000 ALTER TABLE `time_draws` ENABLE KEYS */;
UNLOCK TABLES;

--
-- Table structure for table `tournament_categories`
--

DROP TABLE IF EXISTS `tournament_categories`;
/*!40101 SET @saved_cs_client     = @@character_set_client */;
/*!40101 SET character_set_client = utf8 */;
CREATE TABLE `tournament_categories` (
  `id` int(10) unsigned NOT NULL AUTO_INCREMENT,
  `created_at` timestamp NULL DEFAULT NULL,
  `updated_at` timestamp NULL DEFAULT NULL,
  `tournament_id` int(10) unsigned NOT NULL,
  `category_id` int(10) unsigned NOT NULL,
  `deleted_at` timestamp NULL DEFAULT NULL,
  PRIMARY KEY (`id`),
  KEY `tournament_categories_tournament_id_foreign` (`tournament_id`),
  KEY `tournament_categories_category_id_foreign` (`category_id`),
  CONSTRAINT `tournament_categories_category_id_foreign` FOREIGN KEY (`category_id`) REFERENCES `categories` (`id`),
  CONSTRAINT `tournament_categories_tournament_id_foreign` FOREIGN KEY (`tournament_id`) REFERENCES `tournaments` (`id`)
) ENGINE=InnoDB AUTO_INCREMENT=4 DEFAULT CHARSET=utf8;
/*!40101 SET character_set_client = @saved_cs_client */;

--
-- Dumping data for table `tournament_categories`
--

LOCK TABLES `tournament_categories` WRITE;
/*!40000 ALTER TABLE `tournament_categories` DISABLE KEYS */;
INSERT INTO `tournament_categories` VALUES (1,'2017-06-07 17:32:37','2017-06-07 21:58:08',16,30,NULL),(2,'2017-06-07 17:32:37','2017-06-07 21:54:29',16,31,'2017-06-07 21:54:29'),(3,'2017-06-14 00:18:42','2017-06-14 00:18:42',17,31,NULL);
/*!40000 ALTER TABLE `tournament_categories` ENABLE KEYS */;
UNLOCK TABLES;

--
-- Table structure for table `tournament_inscription_members`
--

DROP TABLE IF EXISTS `tournament_inscription_members`;
/*!40101 SET @saved_cs_client     = @@character_set_client */;
/*!40101 SET character_set_client = utf8 */;
CREATE TABLE `tournament_inscription_members` (
  `id` int(10) unsigned NOT NULL AUTO_INCREMENT,
  `waiting` tinyint(4) NOT NULL DEFAULT '0',
  `enabled` tinyint(4) NOT NULL DEFAULT '1',
  `user_id` int(10) unsigned NOT NULL,
  `tournament_id` int(10) unsigned NOT NULL,
  `member_id` int(10) unsigned NOT NULL,
  `category_id` int(10) unsigned NOT NULL,
  `created_at` timestamp NULL DEFAULT NULL,
  `updated_at` timestamp NULL DEFAULT NULL,
  `deleted_at` timestamp NULL DEFAULT NULL,
  PRIMARY KEY (`id`),
  KEY `tournament_inscription_members_member_id_index` (`member_id`),
  KEY `tournament_inscription_members_category_id_index` (`category_id`),
  KEY `tournament_inscription_members_tournament_id_index` (`tournament_id`) USING BTREE,
  KEY `tournament_inscription_members_user_id_index` (`user_id`) USING BTREE
) ENGINE=InnoDB AUTO_INCREMENT=31 DEFAULT CHARSET=utf8;
/*!40101 SET character_set_client = @saved_cs_client */;

--
-- Dumping data for table `tournament_inscription_members`
--

LOCK TABLES `tournament_inscription_members` WRITE;
/*!40000 ALTER TABLE `tournament_inscription_members` DISABLE KEYS */;
INSERT INTO `tournament_inscription_members` VALUES (30,0,1,62,16,84,30,'2017-06-08 23:29:21','2017-06-08 23:29:21',NULL);
/*!40000 ALTER TABLE `tournament_inscription_members` ENABLE KEYS */;
UNLOCK TABLES;

--
-- Table structure for table `tournament_inscription_partner`
--

DROP TABLE IF EXISTS `tournament_inscription_partner`;
/*!40101 SET @saved_cs_client     = @@character_set_client */;
/*!40101 SET character_set_client = utf8 */;
CREATE TABLE `tournament_inscription_partner` (
  `id` int(10) unsigned NOT NULL AUTO_INCREMENT,
  `enabled` tinyint(4) NOT NULL DEFAULT '1',
  `partner_id` int(10) unsigned NOT NULL,
  `category_id` int(10) unsigned NOT NULL,
  `created_at` timestamp NULL DEFAULT NULL,
  `updated_at` timestamp NULL DEFAULT NULL,
  `deleted_at` timestamp NULL DEFAULT NULL,
  PRIMARY KEY (`id`),
  KEY `tournament_inscription_partner_partner_id_index` (`partner_id`),
  KEY `tournament_inscription_partner_category_id_index` (`category_id`)
) ENGINE=InnoDB DEFAULT CHARSET=utf8;
/*!40101 SET character_set_client = @saved_cs_client */;

--
-- Dumping data for table `tournament_inscription_partner`
--

LOCK TABLES `tournament_inscription_partner` WRITE;
/*!40000 ALTER TABLE `tournament_inscription_partner` DISABLE KEYS */;
/*!40000 ALTER TABLE `tournament_inscription_partner` ENABLE KEYS */;
UNLOCK TABLES;

--
-- Table structure for table `tournaments`
--

DROP TABLE IF EXISTS `tournaments`;
/*!40101 SET @saved_cs_client     = @@character_set_client */;
/*!40101 SET character_set_client = utf8 */;
CREATE TABLE `tournaments` (
  `id` int(10) unsigned NOT NULL AUTO_INCREMENT,
  `name` varchar(50) NOT NULL,
  `start_date_inscription` date NOT NULL,
  `end_date_inscription` date NOT NULL,
  `start_date` date NOT NULL,
  `end_date` date NOT NULL,
  `start_time` time DEFAULT NULL,
  `end_time` time DEFAULT NULL,
  `inscription_fee` double(50,2) NOT NULL,
  `conditions_file` varchar(150) DEFAULT NULL,
  `enabled` tinyint(4) NOT NULL DEFAULT '1',
  `created_at` timestamp NULL DEFAULT NULL,
  `updated_at` timestamp NULL DEFAULT NULL,
  `deleted_at` timestamp NULL DEFAULT NULL,
  PRIMARY KEY (`id`)
) ENGINE=InnoDB AUTO_INCREMENT=18 DEFAULT CHARSET=utf8;
/*!40101 SET character_set_client = @saved_cs_client */;

--
-- Dumping data for table `tournaments`
--

LOCK TABLES `tournaments` WRITE;
/*!40000 ALTER TABLE `tournaments` DISABLE KEYS */;
INSERT INTO `tournaments` VALUES (16,'torneo de prueba2','2017-06-07','2017-06-10','2017-06-11','2017-06-13','07:10:00','18:00:00',12.00,'assets/tournaments/files/170607013237-Conditions_rules-torneo de prueba.pdf',1,'2017-06-07 17:32:37','2017-06-07 21:58:02','2017-06-07 17:32:37'),(17,'prueba4','2017-07-10','2017-07-13','2017-07-15','2017-07-16','07:10:00','20:00:00',200.00,'assets/tournaments/files/170613081841-Conditions_rules-prueba4.pdf',1,'2017-06-14 00:18:41','2017-06-14 00:18:41',NULL);
/*!40000 ALTER TABLE `tournaments` ENABLE KEYS */;
UNLOCK TABLES;

--
-- Table structure for table `transaction_status`
--

DROP TABLE IF EXISTS `transaction_status`;
/*!40101 SET @saved_cs_client     = @@character_set_client */;
/*!40101 SET character_set_client = utf8 */;
CREATE TABLE `transaction_status` (
  `id` int(10) unsigned NOT NULL AUTO_INCREMENT,
  `name` varchar(50) NOT NULL,
  `description` varchar(255) NOT NULL,
  `enabled` tinyint(4) NOT NULL DEFAULT '1',
  `created_at` timestamp NULL DEFAULT NULL,
  `updated_at` timestamp NULL DEFAULT NULL,
  `deleted_at` timestamp NULL DEFAULT NULL,
  PRIMARY KEY (`id`)
) ENGINE=InnoDB AUTO_INCREMENT=5 DEFAULT CHARSET=utf8;
/*!40101 SET character_set_client = @saved_cs_client */;

--
-- Dumping data for table `transaction_status`
--

LOCK TABLES `transaction_status` WRITE;
/*!40000 ALTER TABLE `transaction_status` DISABLE KEYS */;
INSERT INTO `transaction_status` VALUES (1,'Aprobado','Aprobado',1,'2017-03-30 16:36:03',NULL,NULL),(2,'En proceso','En proceso',1,'2017-03-30 16:36:03',NULL,NULL),(3,'Pendiente','Pendiente',1,'2017-03-30 16:36:03',NULL,NULL),(4,'Cancelado','Cancelado',1,'2017-03-30 16:36:03',NULL,NULL);
/*!40000 ALTER TABLE `transaction_status` ENABLE KEYS */;
UNLOCK TABLES;

--
-- Table structure for table `transactions`
--

DROP TABLE IF EXISTS `transactions`;
/*!40101 SET @saved_cs_client     = @@character_set_client */;
/*!40101 SET character_set_client = utf8 */;
CREATE TABLE `transactions` (
  `id` int(10) unsigned NOT NULL AUTO_INCREMENT,
  `amount` double(8,2) NOT NULL,
  `type_payer` enum('1','2') NOT NULL COMMENT '1: Socio, 2: Invitado',
  `enabled` tinyint(4) NOT NULL DEFAULT '1',
  `payer_id` int(10) unsigned NOT NULL,
  `product_id` int(10) unsigned NOT NULL COMMENT 'id que corresponde a la tabla del tipo de producto',
  `type_product_id` int(10) unsigned NOT NULL,
  `transaction_status_id` int(10) unsigned NOT NULL,
  `type_payment_id` int(10) unsigned NOT NULL,
  `created_at` timestamp NULL DEFAULT NULL,
  `updated_at` timestamp NULL DEFAULT NULL,
  `deleted_at` timestamp NULL DEFAULT NULL,
  PRIMARY KEY (`id`),
  KEY `transactions_payer_id_index` (`payer_id`),
  KEY `transactions_product_id_index` (`product_id`),
  KEY `transactions_type_product_id_index` (`type_product_id`),
  KEY `transactions_transaction_status_id_index` (`transaction_status_id`),
  KEY `transactions_type_payment_id_index` (`type_payment_id`)
) ENGINE=InnoDB AUTO_INCREMENT=142 DEFAULT CHARSET=utf8;
/*!40101 SET character_set_client = @saved_cs_client */;

--
-- Dumping data for table `transactions`
--

LOCK TABLES `transactions` WRITE;
/*!40000 ALTER TABLE `transactions` DISABLE KEYS */;
INSERT INTO `transactions` VALUES (10,350000.00,'1',1,3,12,2,2,1,'2017-04-17 19:18:20','2017-04-17 19:18:20',NULL),(11,350000.00,'1',1,2,12,2,2,1,'2017-04-17 19:52:19','2017-04-17 19:52:19',NULL),(12,350000.00,'1',1,4,12,2,2,1,'2017-04-17 19:52:51','2017-04-17 19:52:51',NULL),(13,350000.00,'1',1,4,12,2,2,1,'2017-04-17 19:52:52','2017-04-17 19:52:52',NULL),(14,350000.00,'1',1,6,12,2,2,1,'2017-04-17 22:18:03','2017-04-17 22:18:03',NULL),(15,350000.00,'1',1,6,12,2,2,1,'2017-04-17 22:18:03','2017-04-17 22:18:03',NULL),(16,350000.00,'1',1,7,12,2,2,1,'2017-04-17 22:19:18','2017-04-17 22:19:18',NULL),(17,350000.00,'1',1,5,12,2,2,1,'2017-04-17 22:20:23','2017-04-17 22:20:23',NULL),(18,350000.00,'1',1,8,12,2,2,1,'2017-04-17 22:21:23','2017-04-17 22:21:23',NULL),(19,350000.00,'1',1,9,12,2,2,1,'2017-04-17 22:29:56','2017-04-17 22:29:56',NULL),(20,350000.00,'1',1,10,12,2,2,1,'2017-04-17 22:34:01','2017-04-17 22:34:01',NULL),(21,350000.00,'1',1,11,12,2,2,1,'2017-04-17 22:48:05','2017-04-17 22:48:05',NULL),(22,350000.00,'1',1,11,12,2,2,1,'2017-04-17 22:49:18','2017-04-17 22:49:18',NULL),(23,350000.00,'1',1,61,12,2,2,1,'2017-04-17 23:17:24','2017-04-17 23:17:24',NULL),(24,350000.00,'1',1,62,12,2,2,1,'2017-04-17 23:18:26','2017-04-17 23:18:26',NULL),(25,0.00,'1',1,1,10,3,2,3,'2017-04-30 03:42:31','2017-04-30 03:42:31',NULL),(26,2500.60,'1',1,1,11,3,2,3,'2017-04-30 03:45:09','2017-04-30 03:45:09',NULL),(27,1500.00,'1',1,1,12,3,2,1,'2017-05-03 20:34:51','2017-05-03 20:34:51',NULL),(28,25000.50,'1',1,7,13,3,2,2,'2017-05-03 21:23:44','2017-05-03 21:23:44',NULL),(29,29.47,'1',1,70,38,1,2,2,'2017-05-04 19:24:14','2017-05-04 19:24:14',NULL),(30,29.47,'1',1,70,39,1,2,1,'2017-05-04 19:24:53','2017-05-04 19:24:53',NULL),(31,29.47,'1',1,69,40,1,2,1,'2017-05-04 19:26:47','2017-05-04 19:26:47',NULL),(32,29.47,'1',1,69,41,1,2,1,'2017-05-04 19:27:02','2017-05-04 19:27:02',NULL),(33,29.47,'1',1,68,42,1,2,1,'2017-05-04 19:27:55','2017-05-04 19:27:55',NULL),(34,29.47,'1',1,68,43,1,2,1,'2017-05-04 19:28:18','2017-05-04 19:28:18',NULL),(35,29.47,'1',1,11,58,1,2,3,'2017-05-30 16:47:56','2017-05-30 16:47:56',NULL),(36,150000.20,'1',1,111,14,3,2,2,'2017-06-01 19:17:03','2017-06-01 19:17:03',NULL),(37,1000.00,'1',1,11,14,2,2,1,'2017-06-01 21:06:12','2017-06-01 21:06:12',NULL),(38,241.00,'1',1,84,122,1,2,1,'2017-06-02 23:46:20','2017-06-02 23:46:20',NULL),(39,241.00,'1',1,113,123,1,2,1,'2017-06-02 23:47:59','2017-06-02 23:47:59',NULL),(40,120.50,'1',1,113,124,1,2,1,'2017-06-02 23:49:59','2017-06-02 23:49:59',NULL),(41,10.00,'1',1,113,125,1,2,1,'2017-06-02 23:51:02','2017-06-02 23:51:02',NULL),(42,241.00,'1',1,113,126,1,2,1,'2017-06-03 00:03:37','2017-06-03 00:03:37',NULL),(43,482.00,'1',1,113,127,1,2,1,'2017-06-03 00:11:39','2017-06-03 00:11:39',NULL),(44,482.00,'1',1,113,128,1,2,1,'2017-06-03 00:17:41','2017-06-03 00:17:41',NULL),(45,482.00,'1',1,113,129,1,2,1,'2017-06-03 00:18:46','2017-06-03 00:18:46',NULL),(46,482.00,'1',1,113,130,1,2,1,'2017-06-03 00:20:18','2017-06-03 00:20:18',NULL),(108,241.00,'1',1,113,192,1,2,1,'2017-06-05 16:52:57','2017-06-05 16:52:57',NULL),(109,361.50,'1',1,113,193,1,2,2,'2017-06-05 17:26:04','2017-06-05 17:26:04',NULL),(110,361.50,'1',1,113,194,1,2,1,'2017-06-05 17:32:22','2017-06-05 17:32:22',NULL),(111,482.00,'1',1,113,195,1,2,1,'2017-06-05 17:35:09','2017-06-05 17:35:09',NULL),(112,361.50,'1',1,113,196,1,2,1,'2017-06-05 17:36:46','2017-06-05 17:36:46',NULL),(113,241.00,'1',1,116,211,1,2,1,'2017-06-05 19:05:00','2017-06-05 19:05:00',NULL),(117,10.00,'1',1,84,218,1,2,1,'2017-06-05 22:46:56','2017-06-05 22:46:56',NULL),(118,120.50,'1',1,4,226,1,2,1,'2017-06-06 20:11:01','2017-06-06 20:11:01',NULL),(119,241.00,'1',1,3,236,1,2,1,'2017-06-06 22:49:46','2017-06-06 22:49:46',NULL),(120,20.00,'1',1,64,237,1,2,1,'2017-06-06 22:52:53','2017-06-06 22:52:53',NULL),(121,120.50,'1',1,3,238,1,2,1,'2017-06-07 00:34:34','2017-06-07 00:34:34',NULL),(130,10.00,'1',1,105,250,1,2,1,'2017-06-07 18:46:16','2017-06-07 18:46:16',NULL),(131,35.00,'1',1,105,251,1,2,1,'2017-06-07 19:11:29','2017-06-07 19:11:29',NULL),(132,10.00,'1',1,2,252,1,2,1,'2017-06-12 17:48:33','2017-06-12 17:48:33',NULL),(133,10.00,'1',1,116,254,1,2,1,'2017-06-12 18:11:07','2017-06-12 18:11:07',NULL),(134,120.50,'1',1,115,255,1,2,2,'2017-06-12 18:12:00','2017-06-12 18:12:00',NULL),(135,120.50,'1',1,113,257,1,2,2,'2017-06-12 18:14:03','2017-06-12 18:14:03',NULL),(136,120.50,'1',1,112,258,1,2,1,'2017-06-12 18:14:37','2017-06-12 18:14:37',NULL),(137,10.00,'1',1,116,259,1,2,2,'2017-06-12 18:23:04','2017-06-12 18:23:04',NULL),(138,10.00,'1',1,115,260,1,2,2,'2017-06-12 18:23:33','2017-06-12 18:23:33',NULL),(139,35.00,'1',1,114,261,1,2,2,'2017-06-12 18:24:14','2017-06-12 18:24:14',NULL),(140,10.00,'1',1,113,262,1,2,2,'2017-06-12 18:24:43','2017-06-12 18:24:43',NULL),(141,10.00,'1',1,112,263,1,2,1,'2017-06-12 18:25:22','2017-06-12 18:25:22',NULL);
/*!40000 ALTER TABLE `transactions` ENABLE KEYS */;
UNLOCK TABLES;

--
-- Table structure for table `type_payments`
--

DROP TABLE IF EXISTS `type_payments`;
/*!40101 SET @saved_cs_client     = @@character_set_client */;
/*!40101 SET character_set_client = utf8 */;
CREATE TABLE `type_payments` (
  `id` int(10) unsigned NOT NULL AUTO_INCREMENT,
  `name` varchar(50) NOT NULL,
  `label` varchar(20) DEFAULT NULL,
  `enabled` tinyint(4) NOT NULL DEFAULT '1',
  `created_at` timestamp NULL DEFAULT NULL,
  `updated_at` timestamp NULL DEFAULT NULL,
  `deleted_at` timestamp NULL DEFAULT NULL,
  PRIMARY KEY (`id`)
) ENGINE=InnoDB AUTO_INCREMENT=3 DEFAULT CHARSET=utf8;
/*!40101 SET character_set_client = @saved_cs_client */;

--
-- Dumping data for table `type_payments`
--

LOCK TABLES `type_payments` WRITE;
/*!40000 ALTER TABLE `type_payments` DISABLE KEYS */;
INSERT INTO `type_payments` VALUES (1,'pago_online','Online',1,'2017-03-30 16:36:03',NULL,NULL),(2,'punto_venta','En el Club',1,'2017-03-30 16:36:03',NULL,NULL);
/*!40000 ALTER TABLE `type_payments` ENABLE KEYS */;
UNLOCK TABLES;

--
-- Table structure for table `users`
--

DROP TABLE IF EXISTS `users`;
/*!40101 SET @saved_cs_client     = @@character_set_client */;
/*!40101 SET character_set_client = utf8 */;
CREATE TABLE `users` (
  `id` int(10) unsigned NOT NULL AUTO_INCREMENT,
  `name` varchar(255) NOT NULL,
  `email` varchar(255) NOT NULL,
  `password` varchar(255) NOT NULL,
  `enabled` tinyint(4) NOT NULL DEFAULT '0',
  `role_id` int(10) unsigned NOT NULL,
  `remember_token` varchar(100) DEFAULT NULL,
  `created_at` timestamp NULL DEFAULT NULL,
  `updated_at` timestamp NULL DEFAULT NULL,
  `deleted_at` timestamp NULL DEFAULT NULL,
  PRIMARY KEY (`id`),
  UNIQUE KEY `users_email_unique` (`email`),
  KEY `users_role_id_index` (`role_id`)
) ENGINE=InnoDB AUTO_INCREMENT=100 DEFAULT CHARSET=utf8;
/*!40101 SET character_set_client = @saved_cs_client */;

--
-- Dumping data for table `users`
--

LOCK TABLES `users` WRITE;
/*!40000 ALTER TABLE `users` DISABLE KEYS */;
INSERT INTO `users` VALUES (1,'Root','LR@dementecreativo.com','$2y$10$9.SwsNsCvvX6bcUqbllrseHmKm0bfW8O6h87uSi7LHa5ASMOYjRAi',0,1,'rBM174kjYj8JRjl7otfMvqoaQ5l605yZM1Vva5yPs0H1jdX09Ha4Ak6TooLX','2017-03-30 16:36:04',NULL,NULL),(2,'Admin','AdminRervation@dementecreativo.com','$2y$10$MDUpPx5KTd3wX3NTc9Qcn.L03lyJOPK/nDigkSq6nrSJopvkqMAHC',0,2,'HxKMCUT5NUiBtxqy6Z8Zlzb8xk2N5tipafQFy05zhaoymZlb8enHVLpPhrhH','2017-03-30 16:36:04',NULL,NULL),(3,'Admin Financiero','AdminFinanciero@dementecreativo.com','$2y$10$8brgIX4ydb/Vkw2uI9FMQO6pVYPG9gLqi.klgOhfKl6J1yFLJPyDa',0,3,'1IyDQA28qk0l9lE5lYkJgevNJZgsRRJr6730BvtwlMax0m92o3BJYlBmOLw4','2017-03-30 16:36:04',NULL,NULL),(4,'Maletero','Maletero@dementecreativo.com','$2y$10$Ei6y/sL8c2SAUaNDstquLOKgynD5RfDKeskfLhpmbof84l5tma5Am',0,4,'ZSNcDZcqC1ygCYhHILWmrKUq3syMGdmO2h7XnLNv9M5uTAnTzz4TReJQYch9','2017-03-30 16:36:04',NULL,NULL),(5,'Starter','Starter@dementecreativo.com','$2y$10$rqxYzl4qS6qvTYklOtQ0sOsPPQI1605pIC.86qpoFCBg6d9usFOcW',0,5,'UCjqLy5X5DCx2b7HOurIfHfnOdasPkoDIAnzblFR5tCT64jfxDeP3VKdGGgZ','2017-03-30 16:36:04',NULL,NULL),(6,'JotaJota','jd@dementecreativo.com','$2y$10$OMZfkyd4JlA1qk2ekOJz.OoK.YlzNG4XY2FdTatCZ2mawQuJTpO9e',0,2,'n3ucGf8rcn30f2rERM1XVJJcivnnqRBcPzkDA57gYQ40peXPfTCTZwLkWU53','2017-03-30 16:36:04','2017-04-19 01:53:24',NULL),(7,'JotaJota','jd@lagunita.com','$2y$10$h6OB9fJzesBxnipmySKdi.sZ0Zm5d.5a0PjMcujmWhep8HfjQENza',0,6,'rsy5nR1sj28ADMkcgRREFPrd6q7ek5r37ktCegSNFxPgkH0BSFpZN3Vm7r37','2017-03-30 16:36:04',NULL,NULL),(8,'Alonso Armendáriz Hijo','raya.leyre@agosto.com','$2y$10$xOl5e/boc3OnCh1AHr9hA.GBvl/Or0CG59z5iWxK7Qo1uBGfOvmYu',0,6,'F5sVflXnxvQLIBTjb70iWq5ufA8Rka9XbsH8ju4wm7Jl04doSg0WTRGgPyN8','2017-03-30 16:36:05',NULL,NULL),(9,'Nora Muro','mfeliciano@latinmail.com','$2y$10$3k5QbkJy6ASXLgff.cRiG.oAcF3A3jJygCSQmi4EltN8blrY4knH.',0,3,'ZJ3AJxgvxfP0iBtitBAt5UlRXS3u2Ryil2jz1wPJCi1OqryDwoirtUS1QwoZ','2017-03-30 16:36:05',NULL,NULL),(10,'Pol Rojo','carla.lucas@gmail.com','$2y$10$K1uaDtdGdnDYhWgPZtsuyOb4rYKS3al1hT8zDOxUgQwl5EOglGXEG',0,6,'6vcP7Qi6sqxMUkv7Ltd7oTBpLF5LwFVD4k92ufjeNoPZ3yk1YvaqqJIsHJi5','2017-03-30 16:36:05',NULL,NULL),(11,'Noelia Ferrer','olivia73@hispavista.com','$2y$10$8SaN0t/7PqDNVACxzJTubO4DaFYok8sQh/H270CVfE/CULkn/8CCC',0,6,'N5CLGfgygHmiviXjpfiz4Tih5BE7gUGgFeNeHErXrcBVtehNwkbK7qqN46GA','2017-03-30 16:36:05',NULL,NULL),(12,'Rodrigo Murillo','vnaranjo@hispavista.com','$2y$10$7LlH2DhasXb/j.coefELFeXEL1pITwj4HxKYQUuP6iRqPOj4oBjVy',0,6,'4FTv4OX4pqRCQDtlxh8Ny9rbxEQPy44XJZYwqaS4vPE4rfIg8QJFFUGlycVI','2017-03-30 16:36:05',NULL,NULL),(13,'Eric Rojas','vega64@gutierrez.org','$2y$10$TuSkMsBY6kzK6789.yk/KOobvMOYL8aqe4I2DjfMp4XEjgmGxZokS',0,6,'1RDPF3n0pw74IusRgYhX4trxCYJxK7DLDjCasnB2rNvs1n9OBo5AmtNsHHYL','2017-03-30 16:36:05',NULL,NULL),(14,'Eric Rivero','cristian.leyva@polanco.com','$2y$10$PS0Xl5Z35gins7AnBGV7tu0YUHTieDFTy6NbekV6dZFPHJOts.b/W',0,6,'JDOYmCUF16bqkmgbJj8UPnMCjcTylBJ04q1HlHYBei8msPRxGXgef7DRSqXC','2017-03-30 16:36:05',NULL,NULL),(15,'Helena Granados2','oriol94@hispavista.com','$2y$10$.0iITd/A89gu/wJRAt4bB.ZY.c3pOtWFy7CvSGPYdZY1clPdXeylC',0,6,'y1XbTsjDea3LDI5SgeY57GTrvXjW4o4PMb5XCbkMRuw4T4e8wTmAuxgaN7oH','2017-03-30 16:36:05','2017-05-05 19:34:20',NULL),(16,'Ona Ferrer Hijo','luna96@carvajal.org','$2y$10$xt2Lgj2H5H9l5voLMp7NK.b3t7.wYUKUXre3SSbZxQLmay2KtsXFC',0,6,'OzWvQnUqOLFAU2d823nyt1kj3J7sFug7gHcbXxASanlMWYDGxXUqkbgUJVxl','2017-03-30 16:36:05',NULL,NULL),(17,'Jaime Ballesterosj','mu@dementecreativo.com','$2y$10$7CEjXCRrYyuHuSHtqfyCc.mMz7KI.fjslZZkQd3C3pZ/t4sU2EcFG',0,2,'bXBhIC8ZFXniirnoNrI6fnzhHuGmjtKCwKuqRzm6aQMShg5VNkOLsksYRoda','2017-03-30 16:36:05','2017-05-05 19:52:33',NULL),(18,'Oliver Moreno Tercero','sara.paez@gastelum.es','$2y$10$pO7UQoOib5LZiGWuVNApsO3WIc33EnjzbJhrSuJFjZ9mULynhMm22',0,2,'dFCz4piwkwPSATCt9doMPYvMlt42zYSoJLoP93fZAXpZM7fleVkklGw0IVmR','2017-04-17 19:45:33',NULL,NULL),(19,'Dr. Francisco Javier Barreto','nulloa@gmail.com','$2y$10$JoivnHnejNp8UIGX56ezXOyBKOWae64BURyjfTfHFsv9ejx4kQi9i',0,6,'yb005x8qe9eF9c2em4UWkO3gA3w3kSJM2UjZZJh82kPzwtla1JcIk7kBV1sW','2017-04-17 19:45:33',NULL,NULL),(20,'Lic. Naiara Munguía Hijo','obenavides@ayala.com','$2y$10$0bfp5oX3VGKwm9eptJPm4eu/fSD6GH0TdMpSyUU4wVvlUxxrotHim',0,6,NULL,'2017-04-17 19:45:33',NULL,NULL),(21,'Laia Patiño Tercero','polanco.carmen@hotmail.com','$2y$10$NmgYiH.qhfJWSqPLGQ6bq.SLDYHLM3eeTBcvumMrjRC6LaJXb4Sh.',0,6,NULL,'2017-04-17 19:45:33',NULL,NULL),(22,'Antonio Fajardo Segundo','pgutierrez@portillo.es','$2y$10$6axgmsagY5KAgpWN8zppOe2PrbAytIL6/HB2uMDAfu7r3.4RQ7/ru',0,6,NULL,'2017-04-17 19:45:33',NULL,NULL),(23,'Omar Cotto','beatriz.montez@hotmail.es','$2y$10$ED1y9VkfMqzmL2e8BWfVxus3NL8O9jUc40BKqH89Qc5w39lgwdAq.',0,6,NULL,'2017-04-17 19:45:34',NULL,NULL),(24,'Joel Gallardo','moral.nora@merino.com','$2y$10$tIpI.GHhS2QtuuliwO4lQeaTTtOeFod5247ULTalv9tERN/VjFTni',0,6,NULL,'2017-04-17 19:45:34',NULL,NULL),(25,'Zoe Saiz','patricia.duenas@live.com','$2y$10$xB85pGUnX1kTnkZUaQiiDeg7VDhza2doaU7Pm58TJRQactKxMdG9O',0,6,'7jg5bdBnLobvQA47J5YDRaAwQoagVeRGuuafMwtum0GCVq1bzHJfs0pTxWbz','2017-04-17 19:45:34',NULL,NULL),(26,'Paula Carvajal','jorge75@gmail.com','$2y$10$CPoFwNQbrnMPhJz8K63LJenvWlHNeUtuPqVCopyGYQmDEWXM9p9xq',0,6,'aXCAL22aSA12KUdikCdOcXhF7b30UaL9mGdJRivpVTuP6osNn1j5J5TF3M97','2017-04-17 19:45:34',NULL,NULL),(27,'Dr. Gael Andreu','arribas.marti@live.com','$2y$10$vsWDEm6H92PicsQA.zUYbeQr.eCyEtXw8SlKm.EHdIXLa4NP0wVMG',0,6,'a6zoQQiJ5jRBgZL1ekkYi3zxQhIBJ37h6f46GqOYiG9EUmOW6QrKAPombb9D','2017-04-17 19:45:34',NULL,NULL),(28,'Lili Crespo','liliana@crespo.com','$2y$10$7CEjXCRrYyuHuSHtqfyCc.mMz7KI.fjslZZkQd3C3pZ/t4sU2EcFG',0,6,NULL,'2017-05-04 18:43:17','2017-05-04 18:46:31',NULL),(29,'Ranger','ranger@dementecreativo.com','$2y$10$xwun6BFxd7B.6by3zeFDiupERuWbbECM0J0Z6m3BHLvtM4KxPi1g2',0,7,'dUJw0hnpmsWA0DqN7xdzLeZpMDHbM9Z0LaxcqV0AzMrJeSePRra1DacMxuV1','2017-05-30 22:19:51','2017-05-30 22:19:51',NULL),(31,'SR2','sr2@dementecreativo.com','$2y$10$qAD2OdYs5WRdKkxbrretlOaAP4IpZQLEHyqjLtQX4/oFx2TdwHZJW',0,2,'BuIXYtvnQxJnyJjRNaRrvBWhZEf0QLFBTvgH0iFCEZ024jFk9sIKbBCaC1eh','2017-05-31 00:19:51','2017-05-31 17:57:57',NULL),(46,'sr@dementecreativo.com','sr@dem0entecreativo.com','$2y$10$3I0IQS3RbLFBwEmXnTtlXu5CDQd.zs3QBvULYIJqQpjc1xfc3nh5m',0,6,NULL,'2017-06-01 00:30:25','2017-06-01 00:30:25',NULL),(50,'sr@dedddmentecreativo.com','sr@dedddmentecreativo.com','$2y$10$.8byb6uGOUw1vvxP.EsuSOP7705B8ZILJehM3XcTJCqwa4LQpwBW2',0,6,NULL,'2017-06-01 01:53:59','2017-06-01 01:53:59',NULL),(51,'sr@dementecreativoxxxxx.com','sr@dementecreativoxxxxx.com','$2y$10$VLfessr/Eyq23WX64i9LHuzKXQjju8M6GjJkMVYFFra9J.RK0iS4.',0,6,NULL,'2017-06-01 02:12:59','2017-06-01 02:12:59',NULL),(52,'sermarruiz@gmailxxx.com','sermarruiz@gmailxxx.com','$2y$10$LWs3S9/T8nX/e64rgrqkQuT80.nrruSNyUpEAoWg2NhEXUqk./SMm',0,6,NULL,'2017-06-01 02:14:12','2017-06-01 02:14:12',NULL),(56,'sgurule@uriasxxx.org','sgurule@uriasxxx.org','$2y$10$a1xnxhP9klVkFh96ndKHf.pqLd5cs3HcsOCkl9omC8lSWUlfDJoum',0,6,'UzxnedD1MPVnr62FtDRbAo5KMw2isXu0qqqmg0F5ISHWEZNYVQlUL6HJ9B5M','2017-06-01 02:17:29','2017-06-01 02:17:29',NULL),(58,'sr@dementecreativoxxxxxxxxx.com','sr@dementecreativoxxxxxxxxx.com','$2y$10$8NBXELvgfYAJzavZLiiHGuH.4eVn60q.C41lo1SbMREu/64kCFSFu',0,6,NULL,'2017-06-01 02:24:18','2017-06-01 02:24:18',NULL),(59,'srds@dementecreativo.com','srds@dementecreativo.com','$2y$10$fWlda9kqzzOje/7ZxNi0Eeoizd5xHOM8gbyJUf7LQszvrfZLZw3sG',0,6,NULL,'2017-06-01 02:26:24','2017-06-01 02:26:24',NULL),(60,'sr@dementecreativjsbhhsgo.com','sr@dementecreativjsbhhsgo.com','$2y$10$c06X2jiTVSX6VLdiRMtVSeGqwi/l9ADby3NPR/aRyq7k.sk7h25O6',0,6,NULL,'2017-06-01 02:28:27','2017-06-01 02:28:27',NULL),(61,'sr@dementecreakjdsjkdfjktivo.com','sr@dementecreakjdsjkdfjktivo.com','$2y$10$pFyvvlao4d6d4wU1qfzIqOdHA6aSVtqH9CDCtlv6L.cKQ2EEbloPu',0,6,NULL,'2017-06-01 02:29:49','2017-06-01 02:29:49',NULL),(62,'judielsm@gmail.com','judielsm@gmail.com','$2y$10$lszP1aB9R6ouveujdHbcnuSOwuijq7aBpeGZNBYSFgHieD7a7wxiO',0,6,'bFR7Wr7GR2InkcxBxHGDwbmy370Ki47aHSVTC10IwhnMMUPt8X6ap5N200d0','2017-06-01 02:35:19','2017-06-01 02:43:26',NULL),(69,'prueba4@prueba.com','prueba4@prueba.com','$2y$10$4Nau45vTJqLMfSrSqc2a2eD8INmP5jx.EHNtrbPV0g5XOIDCmWuxO',0,6,NULL,'2017-06-01 17:16:19','2017-06-01 17:16:19',NULL),(70,'prueba5@prueba.com','prueba5@prueba.com','$2y$10$2KhtRAzMA56fklEGpOhUUO7WDckKqGyz8P31JTrABnGKZfhe2WwTm',0,6,NULL,'2017-06-01 17:17:36','2017-06-01 17:17:36',NULL),(71,'prueba6@prueba.com','prueba6@prueba.com','$2y$10$gxUi666PM4gHP91WfxZVi.wtP0/D8ZJbHZYIafoMaqMcS.S0xAiQq',0,6,NULL,'2017-06-01 17:19:15','2017-06-01 17:19:15',NULL),(72,'smu@dementecreativo.com','smu@dementecreativo.com','$2y$10$yvAX.MFgdn00pq2JPCoaMeLzqxxsm8ro43XdCwOFgthdN1S.qJlvi',0,6,NULL,'2017-06-01 17:15:15','2017-06-01 17:15:15',NULL),(76,'zmu@dementecreativo.com','zmu@dementecreativo.com','$2y$10$BOSmbNsNA.eLJ7hz3FChueo3IPNYh.mneBJTDoVSPmAmPbWIucymu',0,6,NULL,'2017-06-01 17:19:13','2017-06-01 17:19:13',NULL),(78,'qmu@dementecreativo.com','qmu@dementecreativo.com','$2y$10$nUYrs8/anCmfVRHGr/pGM.2P2I8FmPHM4FJW3ndCpX.HWDJiosp32',0,6,NULL,'2017-06-01 17:24:59','2017-06-01 17:24:59',NULL),(84,'sr@dementecreativo.com','sr@dementecreativo.com','$2y$10$P42xw2wlSsGb45iL.wLFlufKt5Vd8fyVQJmJtQxnB7lqGEwXMbI/i',0,6,'joSAJ5eTijjP1d4wFn2CSWlu06Dc8QtEXMuQDPJsqiJawKXQOz1TqP49Os2A','2017-06-01 17:40:53','2017-06-01 17:40:53',NULL),(86,'fq@gmail.com','fq@gmail.com','$2y$10$V4oVoGXjg3GpyNyFdENvCO2O464vTSDsrdEt/eK2QRgNw/WW4mqqC',0,6,NULL,'2017-06-01 17:46:15','2017-06-01 17:46:15',NULL),(87,'prueba8@prueba.com','prueba8@prueba.com','$2y$10$0Vr5au/PxCb.r8fzOGsOqufXhcof.3bx2fCqq421QOj/aTY2WhSAa',0,2,NULL,'2017-06-01 18:11:18','2017-06-01 18:11:18',NULL),(88,'Carlos','cc@dementecreativo.com','$2y$10$BhcPm2g51zhdNqfuWqpEs.mphVGxr2oQ4Tcl/QjOOotqdcgKnDz4y',0,6,'zwnApj6Yc8x94oyHvyva57E6hbfO5Csx6ski1hx4WxIYzMcMf3YCB7tPWowR','2017-06-01 18:10:59','2017-06-01 18:10:59',NULL),(90,'prueba9@prueba.com','prueba9@prueba.com','$2y$10$YyYKawZp2p7Z3MoLzRsqNO5sF5ogBzvMgjI09/SOkiWwUC/pJVuYC',0,6,NULL,'2017-06-01 18:25:18','2017-06-01 18:25:18',NULL),(91,'Carlos E Crespo P','carloscrespo14@gmail.com','$2y$10$edqyuySvndeky3QbBLRt9eqfiDkhAolaEIO7WWVVFromM5ZQkIEzi',0,6,'Ea9KhW1A3pEzMeTSZqKXYAu8KZRYc1AaOUY0n8ByYOBLhJuTQAWwJRHUxN71','2017-06-01 18:26:53','2017-06-07 18:19:19',NULL),(92,'jogli torres flores','jogly@gmail.com','$2y$10$wuAAdwCh/DXMc.666GT7C.tkUG0kYuEbxiPHYBgXHFPmILEpLhoVe',0,6,'o1ina0GawUj4agRu8rSLv9Vgsek6VuU4lMpJajk0zI2UHRldRFDA55YDVK6b','2017-06-01 19:21:59','2017-06-01 20:05:48',NULL),(93,'ptorres2408@gmail.com','ptorres2408@gmail.com','$2y$10$4kJN/3BdmXizfpIpINNj1uKIfcLXUiztXbfyAUuoNgUWowKU1x3E.',0,6,'p1yyZUPXDG8SYmRU9LHyaylUgRYNAhsYRxcrpBccF7KZxpCjP6uyyeD56z66','2017-06-01 20:14:27','2017-06-01 20:14:27',NULL),(94,'prueba10@prueba.com','prueba10@prueba.com','$2y$10$K3Fgfb2VEO06qprE831bou7juHbZxh/rUo24Djq0kACVVlMtMbocS',0,6,'Px4CP4tAaFjJwXOn0NELrEUABF9ylVcFDEeg0cbGm0urRJqMLu6TsIdYplEM','2017-06-01 21:20:23','2017-06-01 23:45:39',NULL),(95,'prueba11@prueba.com','prueba11@prueba.com','$2y$10$ZTDTnT80eV4qiIabBewSnO0W0P19Ikuu6/Gp2QQ8YHg3W..7Ac.G2',0,6,'8uB2cxdDaogXKRvFNEa7o4JpRtbdClsuIEy89I1neskCGz6BuH8aLQQLehbW','2017-06-01 21:44:36','2017-06-07 18:19:15',NULL),(96,'pedrotorres@outlook.com','pedrotorres@outlook.com','$2y$10$L6FAWB/s0YKbCYUiylF9H.gjOPEiupAYTBrCJ5ZYbRgI3LdShS51W',0,6,'6bPPjfUbvmIiILRAL7428qF00w3wTCoAIg5Tlub7BoZH2OVCjVJKYsqQ84k3','2017-06-05 18:46:48','2017-06-05 19:02:57',NULL),(97,'c@dementecreativo.com','c@dementecreativo.com','$2y$10$GHXVhqZL9cpYihB8REuegO6lJbj4U4qvncPBpIhDavEWtA98ctr92',0,6,'GLpSIr7SWsv2GhEdPFrjXUeWt9CiwGjkXVuStCz8qeKMnZ9vR3cBxNU98MWN','2017-06-05 21:07:12','2017-06-07 18:19:21',NULL),(98,'hjfhfds@wwewwe.com','hjfhfds@wwewwe.com','$2y$10$zNkWu4TP/qJNW.X/N0gWFO3gUPYtQ31iyQAeFm2P7zfkj86zNNvwS',0,6,NULL,'2017-06-07 19:46:26','2017-06-12 18:52:32',NULL),(99,'judielsm2@gmail.com','judielsm2@gmail.com','$2y$10$mnWx4GTBQG9y84mbeZFfQ.bmibzxI1iEmgW.Ba0VVv99lGHBRr.i.',0,6,NULL,'2017-06-13 22:37:04','2017-06-13 22:37:04',NULL);
/*!40000 ALTER TABLE `users` ENABLE KEYS */;
UNLOCK TABLES;
/*!40103 SET TIME_ZONE=@OLD_TIME_ZONE */;

/*!40101 SET SQL_MODE=@OLD_SQL_MODE */;
/*!40014 SET FOREIGN_KEY_CHECKS=@OLD_FOREIGN_KEY_CHECKS */;
/*!40014 SET UNIQUE_CHECKS=@OLD_UNIQUE_CHECKS */;
/*!40101 SET CHARACTER_SET_CLIENT=@OLD_CHARACTER_SET_CLIENT */;
/*!40101 SET CHARACTER_SET_RESULTS=@OLD_CHARACTER_SET_RESULTS */;
/*!40101 SET COLLATION_CONNECTION=@OLD_COLLATION_CONNECTION */;
/*!40111 SET SQL_NOTES=@OLD_SQL_NOTES */;

-- Dump completed on 2017-06-14  9:17:36
